{
  "id": "FIREFLIES_4210674",
  "semantic_identifier": "4210674 - Pacific Ember Foods - sales_pitch - Discussion with Kent Delgado",
  "title": null,
  "source": "fireflies",
  "doc_updated_at": "2025-06-13 00:00:00",
  "metadata": {
    "meeting_date": "2025-06-13 00:00:00",
    "duration_min": "17"
  },
  "doc_metadata": {
    "hierarchy": {
      "source_path": [
        "2025-06"
      ],
      "year_month": "2025-06",
      "meeting_title": "4210674 - Pacific Ember Foods - sales_pitch - Discussion with Kent Delgado",
      "organizer_email": "irene_shen@netherite-extraction.onyx.app"
    }
  },
  "sections": [
    {
      "text": "Irene Shen: Hi Kent\u2014this is Irene Shen. Thanks for taking a few minutes. I work with teams who are living in Salesforce or HubSpot but still struggling with \u201cwhat do I do next\u201d on each lead and opportunity. I wanted to quickly share how Sales_Accelerator helps with that and see if it\u2019s worth a deeper session.",
      "link": "https://www.onyx.app/9445859-1"
    },
    {
      "text": "Kent Delgado: Hi Irene. Yeah, I\u2019ve got about five minutes. What is it exactly\u2014another CRM?",
      "link": "https://www.onyx.app/9445859-2"
    },
    {
      "text": "Irene Shen: Totally fair question. It\u2019s not a CRM replacement. Sales_Accelerator sits on top of your existing CRM as an execution layer. It looks at what\u2019s happening across your pipeline and then does two things really well: it recommends the best next action for each deal\u2014inside the CRM\u2014and it flags risk early when deals are likely to slip. It also plugs into your existing customer fit/ICP work rather than duplicating it.",
      "link": "https://www.onyx.app/9445859-3"
    },
    {
      "text": "Kent Delgado: Okay. We\u2019re using HubSpot today, and our reps already have sequences. What\u2019s different here?",
      "link": "https://www.onyx.app/9445859-4"
    },
    {
      "text": "Irene Shen: Sequences are great for consistent outreach, but they\u2019re usually \u201cone-size-fits-most.\u201d Where Sales_Accelerator helps is: it adapts the next step based on what\u2019s actually happening in the opportunity. For example, if a meeting happened and there\u2019s no follow-up logged, it\u2019ll prompt a recap email with next steps. If only one stakeholder is engaged, it recommends multi-threading and suggests who to pull in. If the mutual plan is incomplete, it generates a lightweight checklist and reminders so deals don\u2019t stall quietly.",
      "link": "https://www.onyx.app/9445859-5"
    },
    {
      "text": "Kent Delgado: That sounds useful, but we\u2019re a food company\u2014our process isn\u2019t super enterprise-y. We mostly care about inbound speed-to-lead and not letting good leads rot.",
      "link": "https://www.onyx.app/9445859-6"
    },
    {
      "text": "Irene Shen: Perfect\u2014one of the strongest use cases is aligning speed-to-lead for inbound. Sales_Accelerator prioritizes high-fit inbound leads, recommends the best first response message, and then tracks whether faster first-touch is actually correlating with higher win rate. So instead of a dashboard that says \u201crespond faster,\u201d reps get a queue: \u201cThese five inbound leads are high fit\u2014here\u2019s the best first-touch message, here\u2019s the channel, and here\u2019s the recommended cadence for the next 48 hours.\u201d",
      "link": "https://www.onyx.app/9445859-7"
    },
    {
      "text": "Kent Delgado: How does it know \u201chigh fit\u201d? We\u2019ve got some scoring, but it\u2019s not great.",
      "link": "https://www.onyx.app/9445859-8"
    },
    {
      "text": "Irene Shen: If you already have scoring, we can consume it. If you\u2019re using something like Customer_Analyzer\u2014or even if you\u2019re not today\u2014we can ingest fit scores and positioning blocks so reps aren\u2019t guessing. The key is: Sales_Accelerator doesn\u2019t redo your ICP work; it operationalizes it. It takes \u201cthis lead is a fit and here\u2019s the positioning\u201d and turns it into: \u201csend this message, ask these questions, and here\u2019s the next action if they raise objection X.\u201d",
      "link": "https://www.onyx.app/9445859-9"
    },
    {
      "text": "Kent Delgado: We don\u2019t use Customer_Analyzer specifically. We do have some segments, and the team has talk tracks. Would your tool still work?",
      "link": "https://www.onyx.app/9445859-10"
    },
    {
      "text": "Irene Shen: Yes. We can start with your existing segments and talk tracks and layer in smarter guidance over time. The first win tends to be operational: reps don\u2019t have to decide what to do next, managers don\u2019t have to chase basic hygiene, and you get a measurable improvement in inbound follow-up consistency.",
      "link": "https://www.onyx.app/9445859-11"
    },
    {
      "text": "Kent Delgado: What does \u201cguidance\u201d look like\u2014are reps getting spammed with alerts?",
      "link": "https://www.onyx.app/9445859-12"
    },
    {
      "text": "Irene Shen: No, we\u2019re careful about that. It\u2019s primarily a task queue and in-context recommendations on the record. For example: \u201cOpportunity at stage 2 has one contact engaged, last activity 8 days ago, no next meeting scheduled\u2014recommended next actions: 1) send recap + propose times, 2) add operations contact, 3) update mutual action plan.\u201d Reps can one-click create the tasks or messages, and managers can see where the pipeline is drifting without a bunch of manual inspection.",
      "link": "https://www.onyx.app/9445859-13"
    },
    {
      "text": "Kent Delgado: And this lives in HubSpot?",
      "link": "https://www.onyx.app/9445859-14"
    },
    {
      "text": "Irene Shen: Exactly\u2014either embedded in the CRM or via a lightweight extension, depending on your setup. The idea is not to add a new tab reps have to remember. It\u2019s \u201cwhere they already work.\u201d",
      "link": "https://www.onyx.app/9445859-15"
    },
    {
      "text": "Kent Delgado: Got it. What\u2019s the risk flagging you mentioned?",
      "link": "https://www.onyx.app/9445859-16"
    },
    {
      "text": "Irene Shen: We look for patterns that precede slippage: stalled stages, missing stakeholders, lack of next step, mutual plan gaps, inconsistent activity, that kind of thing. Then we surface \u201cdeal at risk\u201d with the specific reason and the recommended fix. That\u2019s really helpful for forecasting conversations because instead of arguing about gut feel, you\u2019re looking at explainable signals.",
      "link": "https://www.onyx.app/9445859-17"
    },
    {
      "text": "Kent Delgado: Interesting. My worry is change management. Our team is small, and if this feels heavy, it won\u2019t stick.",
      "link": "https://www.onyx.app/9445859-18"
    },
    {
      "text": "Irene Shen: That\u2019s a good callout. This is designed to be lightweight\u2014think \u201cnudges and consistency\u201d rather than a forced methodology. The initial rollout can be just one motion: inbound speed-to-lead. We\u2019d set up the prioritization and first-touch recommendations, measure response time and conversion impact, and only then expand to deal progression recommendations for later stages.",
      "link": "https://www.onyx.app/9445859-19"
    },
    {
      "text": "Kent Delgado: If we did that, what would you need from us?",
      "link": "https://www.onyx.app/9445859-20"
    },
    {
      "text": "Irene Shen: For the inbound pilot: access to HubSpot objects for leads/contacts, lifecycle stages, activity logs, and your current routing rules and sequences. Then we\u2019d define what \u201chigh fit\u201d means using your existing segments or scoring, and we\u2019d map a couple of first-response templates per segment. Usually we can stand up something usable in a couple of weeks.",
      "link": "https://www.onyx.app/9445859-21"
    },
    {
      "text": "Kent Delgado: And you can show this before we commit to anything?",
      "link": "https://www.onyx.app/9445859-22"
    },
    {
      "text": "Irene Shen: Absolutely. What I\u2019d suggest is a 30-minute working session\u2014screen share\u2014where we walk through your current inbound flow and then I\u2019ll demo what the rep experience looks like: the prioritized queue, the recommended first response, and an example of the follow-up recommendation when a lead engages but no next step is set.",
      "link": "https://www.onyx.app/9445859-23"
    },
    {
      "text": "Kent Delgado: That would be helpful. I\u2019d want our sales ops person to see it too, since they own HubSpot.",
      "link": "https://www.onyx.app/9445859-24"
    },
    {
      "text": "Irene Shen: Perfect. If you bring sales ops, we can also cover how the recommendations are configured and what reporting you get\u2014like speed-to-lead by fit tier and the win-rate lift. Does early next week work?",
      "link": "https://www.onyx.app/9445859-25"
    },
    {
      "text": "Kent Delgado: Yeah, early next week is fine. Tuesday afternoon maybe.",
      "link": "https://www.onyx.app/9445859-26"
    },
    {
      "text": "Irene Shen: Great\u2014how about Tuesday at 2:00 PM Pacific for 30 minutes? If that\u2019s tight, we can do 45 and include a few specific scenarios from Pacific Ember Foods\u2014like your top inbound sources and what happens after the first reply.",
      "link": "https://www.onyx.app/9445859-27"
    },
    {
      "text": "Kent Delgado: Let\u2019s do 2:00 PM Pacific for 45 minutes. I\u2019ll loop in ops.",
      "link": "https://www.onyx.app/9445859-28"
    },
    {
      "text": "Irene Shen: Awesome. I\u2019ll send a calendar invite for Tuesday 2:00 PM Pacific, 45 minutes, and I\u2019ll include a short list of what we\u2019ll cover and the minimal HubSpot info that\u2019s helpful. Thanks, Kent\u2014looking forward to it.",
      "link": "https://www.onyx.app/9445859-29"
    },
    {
      "text": "Kent Delgado: Sounds good. Thanks, Irene.",
      "link": "https://www.onyx.app/9445859-30"
    }
  ],
  "primary_owners": [
    {
      "display_name": null,
      "first_name": null,
      "middle_initial": null,
      "last_name": null,
      "email": "irene_shen@netherite-extraction.onyx.app"
    }
  ],
  "secondary_owners": [
    {
      "display_name": null,
      "first_name": null,
      "middle_initial": null,
      "last_name": null,
      "email": "kent_delgado@pacific_ember_foods.onyx.app"
    }
  ]
}