{
  "id": "FIREFLIES_8611294",
  "semantic_identifier": "8611294 - Northwind Parcel Services - sales_call - Discussion with Charles Arnold",
  "title": null,
  "source": "fireflies",
  "doc_updated_at": "2025-06-03 00:00:00",
  "metadata": {
    "meeting_date": "2025-06-03 00:00:00",
    "duration_min": "29"
  },
  "doc_metadata": {
    "hierarchy": {
      "source_path": [
        "2025-06"
      ],
      "year_month": "2025-06",
      "meeting_title": "8611294 - Northwind Parcel Services - sales_call - Discussion with Charles Arnold",
      "organizer_email": "james_choi@netherite-extraction.onyx.app"
    }
  },
  "sections": [
    {
      "text": "James Choi: Hey Charles, good to see you again. Thanks for making time for a quick follow-up. Last time you mentioned you\u2019re trying to sharpen messaging for two ICP tiers\u2014SMB versus mid-market\u2014so I wanted to focus today on how Customer_Analyzer gets you to a confident segment definition and the actual copy inputs your team can use. Does that still line up with your priority?",
      "link": "https://www.onyx.app/6438255-1"
    },
    {
      "text": "Charles Arnold: Yeah, that\u2019s exactly it. We\u2019ve got traction, but our outbound and landing pages feel too generic. We know SMB and mid-market respond differently, but we haven\u2019t nailed what \u201cgood fit\u201d really means.",
      "link": "https://www.onyx.app/6438255-2"
    },
    {
      "text": "James Choi: Perfect. The core of what I want to show is our fit estimation\u2014how we produce a fit score from 0 to 100 at both the account level and segment level, plus a breakdown of why. And then we use that to generate positioning recommendations, which translate into value props, differentiators, proof points, and objections\u2014per segment. For today, we can keep it simple and focus on two drivers: time-to-value and adoption/usage patterns. Those are usually the quickest to correlate to \u201cthis segment converts and renews.\u201d",
      "link": "https://www.onyx.app/6438255-3"
    },
    {
      "text": "Charles Arnold: Makes sense. My big concern is we\u2019ve struggled just defining segments cleanly. Our \u201cmid-market\u201d sometimes overlaps with certain industries that behave more like SMB. I don\u2019t want another tool that spits out confusing recommendations because our labels are messy.",
      "link": "https://www.onyx.app/6438255-4"
    },
    {
      "text": "James Choi: Totally fair\u2014and honestly that\u2019s one of the most common reasons teams stall. What Customer_Analyzer does is make the ambiguity visible and fixable. Instead of relying only on a label like \u201cmid-market,\u201d we look at the drivers behind success. So we might find that, say, a subset of \u201cmid-market\u201d accounts with long implementation cycles and low early usage are actually poor fit\u2014regardless of size\u2014and should be messaged differently or deprioritized.",
      "link": "https://www.onyx.app/6438255-5"
    },
    {
      "text": "Charles Arnold: Okay, but how do you avoid us ending up with ten micro-segments and no clarity? We need two tiers for the website and outbound\u2014maybe a few industry pages at most.",
      "link": "https://www.onyx.app/6438255-6"
    },
    {
      "text": "James Choi: Great constraint. We can set the output to enforce exactly what you want: two ICP tiers, and then we identify what must be true for each tier. So the system can start with your existing two buckets\u2014SMB and mid-market\u2014and then tell you, \u201cHere\u2019s why these two buckets aren\u2019t clean,\u201d and recommend the minimum changes to make them behave like two distinct groups. Think: tighten the definition by adding one or two criteria, not exploding into ten.",
      "link": "https://www.onyx.app/6438255-7"
    },
    {
      "text": "Charles Arnold: Give me a concrete example of what criteria you\u2019d add.",
      "link": "https://www.onyx.app/6438255-8"
    },
    {
      "text": "James Choi: Sure. Let\u2019s say we ingest CRM fields and product usage events. If the analysis shows your best-retained customers ramp to a key activation event within, say, 14 days, we can use \u201ctime-to-value within 14 days\u201d as a fit driver. Then your SMB tier might become \u201cSMB + fast time-to-value,\u201d and mid-market might become \u201cmid-market + multi-seat adoption within 30 days.\u201d It\u2019s still two tiers, but now the tiers reflect behaviors tied to outcomes, not just firmographics.",
      "link": "https://www.onyx.app/6438255-9"
    },
    {
      "text": "Charles Arnold: That\u2019s interesting. We do have onboarding survey data too, but it\u2019s not clean. Some reps fill it out, some don\u2019t. Would that break the model?",
      "link": "https://www.onyx.app/6438255-10"
    },
    {
      "text": "James Choi: It won\u2019t break it. The fit estimation can work with partial signals. We\u2019ll prioritize what\u2019s most consistent\u2014CRM basics and usage events first\u2014then layer in surveys and support tickets as enrichment. And in the driver breakdown, you\u2019ll see confidence and contribution: \u201cThis score is high because adoption is strong,\u201d even if survey completion is low.",
      "link": "https://www.onyx.app/6438255-11"
    },
    {
      "text": "Charles Arnold: Alright. So let\u2019s say we get these fit scores. How does that actually translate into landing page messaging? We\u2019re not trying to become data scientists.",
      "link": "https://www.onyx.app/6438255-12"
    },
    {
      "text": "James Choi: Exactly. That\u2019s why the second output\u2014positioning recommendations\u2014is framed in marketing language. Once the system sees the top drivers for SMB versus mid-market, it generates segment-specific: (1) value proposition statements, (2) differentiators, (3) proof points you can pull from data\u2014like \u201cteams like you see value in two weeks,\u201d and (4) objection handling\u2014like \u201cimplementation will take too long\u201d for the wrong-fit cohort.",
      "link": "https://www.onyx.app/6438255-13"
    },
    {
      "text": "Charles Arnold: The objection handling part sounds useful. We keep hearing \u201csounds nice but we\u2019re too busy to implement.\u201d",
      "link": "https://www.onyx.app/6438255-14"
    },
    {
      "text": "James Choi: Right. If the data says mid-market accounts that succeed have a certain adoption pattern\u2014like multiple roles engaging early\u2014we can recommend messaging that sets expectations and reduces that fear: \u201cWe\u2019ll get you to first value in X days with Y steps,\u201d and we can proactively qualify out accounts that historically churn due to low early engagement. That\u2019s directly tied to lowering churn and improving conversion.",
      "link": "https://www.onyx.app/6438255-15"
    },
    {
      "text": "Charles Arnold: How quickly can we get to something we can use? We\u2019ve got a campaign refresh in about a month.",
      "link": "https://www.onyx.app/6438255-16"
    },
    {
      "text": "James Choi: If you can connect CRM and product usage within the first week, we typically have initial fit scores and a first pass at SMB vs mid-market recommendations in 10\u201314 days. Then week three is refinement: you review the segment definitions, we tighten any overlaps, and you pick the final two-tier ICP definition. By week four you should have segment-specific messaging blocks for landing pages and outbound sequences.",
      "link": "https://www.onyx.app/6438255-17"
    },
    {
      "text": "Charles Arnold: You mentioned overlaps\u2014what does refinement look like? I worry we\u2019ll spend time debating definitions internally.",
      "link": "https://www.onyx.app/6438255-18"
    },
    {
      "text": "James Choi: We structure it so it\u2019s not a debate. You\u2019ll see side-by-side segment comparisons: SMB vs mid-market with retention, expansion, conversion, support burden, and churn risk signals. When definitions are ambiguous, you\u2019ll see it in the outcomes\u2014like two segments performing the same. Then the question becomes, \u201cWhat\u2019s the smallest change to separate them?\u201d For example, exclude an industry that behaves differently, or add a threshold on adoption. It becomes an evidence-based decision.",
      "link": "https://www.onyx.app/6438255-19"
    },
    {
      "text": "Charles Arnold: That would help. Right now it\u2019s basically opinions. One more concern: our industry mix is weird. Parcel and logistics is core, but we have adjacent customers in retail and light manufacturing. Those customers sometimes have totally different needs.",
      "link": "https://www.onyx.app/6438255-20"
    },
    {
      "text": "James Choi: That\u2019s a great use case. What we can do is keep the two primary tiers\u2014SMB and mid-market\u2014then flag \u201cindustry as a modifier\u201d only where it materially changes the drivers. If retail mid-market has a different time-to-value and support burden than logistics mid-market, we\u2019ll tell you. But we won\u2019t force you to create a whole new segment unless the data proves it\u2019s necessary for better conversion and retention.",
      "link": "https://www.onyx.app/6438255-21"
    },
    {
      "text": "Charles Arnold: Okay. What would you need from us to do a pilot?",
      "link": "https://www.onyx.app/6438255-22"
    },
    {
      "text": "James Choi: For a pilot scoped to your landing page + outbound messaging for SMB vs mid-market, we need: access to your CRM fields for account size, industry, lifecycle stage, and outcomes like conversion and renewal; product usage events tied to accounts; and optionally support ticket volume. Then we\u2019ll define your initial segment rules together in a 45-minute working session\u2014keeping it to two tiers\u2014and we\u2019ll run the first fit estimation.",
      "link": "https://www.onyx.app/6438255-23"
    },
    {
      "text": "Charles Arnold: And success criteria? I want to make sure we\u2019re aligned before I take this to my VP.",
      "link": "https://www.onyx.app/6438255-24"
    },
    {
      "text": "James Choi: Absolutely. For Northwind Parcel Services, I\u2019d propose three pilot success criteria: (1) a validated two-tier ICP definition with clear driver breakdowns\u2014so no more fuzzy SMB vs mid-market debate; (2) segment-specific positioning recommendations that your team uses to update one landing page per tier plus one outbound sequence per tier; and (3) measurable lift signals\u2014early indicators like reply rates or demo-to-close conversion by tier, even if full revenue impact takes longer.",
      "link": "https://www.onyx.app/6438255-25"
    },
    {
      "text": "Charles Arnold: That sounds reasonable. Pricing-wise, is this a big annual commitment or can we start smaller?",
      "link": "https://www.onyx.app/6438255-26"
    },
    {
      "text": "James Choi: We can start with a scoped pilot and roll into an annual plan once you\u2019ve validated the outputs. Given you\u2019re already motivated to refresh messaging in the next month, the pilot is designed to get you to \u201cusable assets\u201d quickly, not just dashboards.",
      "link": "https://www.onyx.app/6438255-27"
    },
    {
      "text": "Charles Arnold: Good. If we do this, I want my marketing lead involved in the refinement session, because she\u2019ll own the landing pages.",
      "link": "https://www.onyx.app/6438255-28"
    },
    {
      "text": "James Choi: Perfect\u2014she should be there. Here\u2019s what I suggest: I\u2019ll send a one-page pilot outline today with the data connections needed and the three success criteria we just discussed. Then we schedule the working session early next week with you and your marketing lead. If you\u2019re comfortable after that, we kick off integration immediately.",
      "link": "https://www.onyx.app/6438255-29"
    },
    {
      "text": "Charles Arnold: Yeah, send it over. I can get you access to the CRM fields pretty quickly, and I\u2019ll loop in marketing for next week. If we can truly get to two clean tiers and real messaging guidance, that\u2019s worth moving on.",
      "link": "https://www.onyx.app/6438255-30"
    },
    {
      "text": "James Choi: Great. I\u2019ll follow up with the outline and two time options for the working session. Thanks, Charles\u2014excited to get Northwind to a sharper ICP and better conversion.",
      "link": "https://www.onyx.app/6438255-31"
    },
    {
      "text": "Charles Arnold: Sounds good. Talk soon.",
      "link": "https://www.onyx.app/6438255-32"
    }
  ],
  "primary_owners": [
    {
      "display_name": null,
      "first_name": null,
      "middle_initial": null,
      "last_name": null,
      "email": "james_choi@netherite-extraction.onyx.app"
    }
  ],
  "secondary_owners": [
    {
      "display_name": null,
      "first_name": null,
      "middle_initial": null,
      "last_name": null,
      "email": "charles_arnold@northwind_parcel_services.onyx.app"
    }
  ]
}