{
  "id": "hubspot_deal_2430743",
  "semantic_identifier": "Arcadia Pulse Finance - Customer Analyzer",
  "title": null,
  "source": "hubspot",
  "doc_updated_at": "2025-11-06 00:00:00",
  "metadata": {
    "object_type": "deal",
    "deal_stage": "closed-lost",
    "pipeline": "default",
    "amount": "25900",
    "associated_contact_ids": []
  },
  "doc_metadata": {
    "hierarchy": {
      "source_path": [
        "Deals"
      ]
    },
    "object_type": "deal",
    "object_id": "2430743"
  },
  "sections": [
    {
      "text": "Deal: Arcadia Pulse Finance\nAmount: $25900\nProduct of Interest: Customer_Analyzer\nFeatures of Interest: positioning_recommendation\nClose Date: 2026-01-18 00:00:00\nPipeline: default",
      "link": "https://www.onyx.app/16448"
    },
    {
      "text": "Contact: Jamie Robinson\nEmail: jamie_robinson@arcadia_pulse_finance.onyx.app",
      "link": "https://www.onyx.app/31126"
    },
    {
      "text": "Company: Arcadia Pulse Finance\nDomain: arcadia_pulse_finance.onyx.app",
      "link": "https://www.onyx.app/84892"
    },
    {
      "text": "In the works",
      "link": "https://www.onyx.app/30010"
    }
  ],
  "primary_owners": [],
  "secondary_owners": []
}