{
  "id": "hubspot_deal_3854992",
  "semantic_identifier": "Aurorakite Software - Customer Analyzer",
  "title": null,
  "source": "hubspot",
  "doc_updated_at": "2025-09-07 00:00:00",
  "metadata": {
    "object_type": "deal",
    "deal_stage": "closed-lost",
    "pipeline": "default",
    "amount": "207311",
    "associated_contact_ids": []
  },
  "doc_metadata": {
    "hierarchy": {
      "source_path": [
        "Deals"
      ]
    },
    "object_type": "deal",
    "object_id": "3854992"
  },
  "sections": [
    {
      "text": "Deal: Aurorakite Software\nAmount: $207311\nProduct of Interest: Customer_Analyzer\nFeatures of Interest: positioning_recommendation\nClose Date: 2025-10-22 00:00:00\nPipeline: default",
      "link": "https://www.onyx.app/40204"
    },
    {
      "text": "Contact: Marco Aguilar\nEmail: marco_aguilar@aurorakite_software.onyx.app",
      "link": "https://www.onyx.app/25441"
    },
    {
      "text": "Company: Aurorakite Software\nDomain: aurorakite_software.onyx.app",
      "link": "https://www.onyx.app/90017"
    },
    {
      "text": "In the works",
      "link": "https://www.onyx.app/51570"
    }
  ],
  "primary_owners": [],
  "secondary_owners": []
}