{
  "id": "hubspot_deal_7801491",
  "semantic_identifier": "Bayfront Helix Genetics - Issue Tracker",
  "title": null,
  "source": "hubspot",
  "doc_updated_at": "2025-12-03 00:00:00",
  "metadata": {
    "object_type": "deal",
    "deal_stage": "closed-lost",
    "pipeline": "default",
    "amount": "33215",
    "associated_contact_ids": []
  },
  "doc_metadata": {
    "hierarchy": {
      "source_path": [
        "Deals"
      ]
    },
    "object_type": "deal",
    "object_id": "7801491"
  },
  "sections": [
    {
      "text": "Deal: Bayfront Helix Genetics\nAmount: $33215\nProduct of Interest: Issue_Tracker\nFeatures of Interest: issue_clustering\nClose Date: 2026-01-02 00:00:00\nPipeline: default",
      "link": "https://www.onyx.app/54762"
    },
    {
      "text": "Contact: Rania Saleh\nEmail: rania_saleh@bayfront_helix_genetics.onyx.app",
      "link": "https://www.onyx.app/79495"
    },
    {
      "text": "Company: Bayfront Helix Genetics\nDomain: bayfront_helix_genetics.onyx.app",
      "link": "https://www.onyx.app/90468"
    },
    {
      "text": "In the works",
      "link": "https://www.onyx.app/37742"
    }
  ],
  "primary_owners": [],
  "secondary_owners": []
}