{
  "id": "hubspot_deal_4946072",
  "semantic_identifier": "Birch & Beam Architects - Customer Analyzer",
  "title": null,
  "source": "hubspot",
  "doc_updated_at": "2025-05-20 00:00:00",
  "metadata": {
    "object_type": "deal",
    "deal_stage": "closed-lost",
    "pipeline": "default",
    "amount": "136910",
    "associated_contact_ids": []
  },
  "doc_metadata": {
    "hierarchy": {
      "source_path": [
        "Deals"
      ]
    },
    "object_type": "deal",
    "object_id": "4946072"
  },
  "sections": [
    {
      "text": "Deal: Birch & Beam Architects\nAmount: $136910\nProduct of Interest: Customer_Analyzer\nFeatures of Interest: fit_estimation\nClose Date: 2025-07-31 00:00:00\nPipeline: default",
      "link": "https://www.onyx.app/36835"
    },
    {
      "text": "Contact: Diego Arnold\nEmail: diego_arnold@birch_&_beam_architects.onyx.app",
      "link": "https://www.onyx.app/57632"
    },
    {
      "text": "Company: Birch & Beam Architects\nDomain: birch_&_beam_architects.onyx.app",
      "link": "https://www.onyx.app/24183"
    },
    {
      "text": "In the works",
      "link": "https://www.onyx.app/45489"
    }
  ],
  "primary_owners": [],
  "secondary_owners": []
}