{
  "id": "hubspot_deal_8390131",
  "semantic_identifier": "Cloudmason Security - Customer Analyzer",
  "title": null,
  "source": "hubspot",
  "doc_updated_at": "2025-09-13 00:00:00",
  "metadata": {
    "object_type": "deal",
    "deal_stage": "closed-lost",
    "pipeline": "default",
    "amount": "105900",
    "associated_contact_ids": []
  },
  "doc_metadata": {
    "hierarchy": {
      "source_path": [
        "Deals"
      ]
    },
    "object_type": "deal",
    "object_id": "8390131"
  },
  "sections": [
    {
      "text": "Deal: Cloudmason Security\nAmount: $105900\nProduct of Interest: Customer_Analyzer\nFeatures of Interest: positioning_recommendation\nClose Date: 2025-11-30 00:00:00\nPipeline: default",
      "link": "https://www.onyx.app/56874"
    },
    {
      "text": "Contact: Daniela Herrera\nEmail: daniela_herrera@cloudmason_security.onyx.app",
      "link": "https://www.onyx.app/11279"
    },
    {
      "text": "Company: Cloudmason Security\nDomain: cloudmason_security.onyx.app",
      "link": "https://www.onyx.app/14620"
    },
    {
      "text": "In the works",
      "link": "https://www.onyx.app/52751"
    }
  ],
  "primary_owners": [],
  "secondary_owners": []
}