{
  "id": "hubspot_deal_9064765",
  "semantic_identifier": "Copperlane Construction - Sales Accelerator",
  "title": null,
  "source": "hubspot",
  "doc_updated_at": "2025-07-17 00:00:00",
  "metadata": {
    "object_type": "deal",
    "deal_stage": "closed-lost",
    "pipeline": "default",
    "amount": "54035",
    "associated_contact_ids": []
  },
  "doc_metadata": {
    "hierarchy": {
      "source_path": [
        "Deals"
      ]
    },
    "object_type": "deal",
    "object_id": "9064765"
  },
  "sections": [
    {
      "text": "Deal: Copperlane Construction\nAmount: $54035\nProduct of Interest: Sales_Accelerator\nFeatures of Interest: warning_alerts\nClose Date: 2025-09-13 00:00:00\nPipeline: default",
      "link": "https://www.onyx.app/58257"
    },
    {
      "text": "Contact: Andres Herrera\nEmail: andres_herrera@copperlane_construction.onyx.app",
      "link": "https://www.onyx.app/63352"
    },
    {
      "text": "Company: Copperlane Construction\nDomain: copperlane_construction.onyx.app",
      "link": "https://www.onyx.app/31975"
    },
    {
      "text": "In the works",
      "link": "https://www.onyx.app/70543"
    }
  ],
  "primary_owners": [],
  "secondary_owners": []
}