{
  "id": "hubspot_deal_3015687",
  "semantic_identifier": "Crimson Meadow Brewing - Customer Analyzer",
  "title": null,
  "source": "hubspot",
  "doc_updated_at": "2025-12-14 00:00:00",
  "metadata": {
    "object_type": "deal",
    "deal_stage": "closed-lost",
    "pipeline": "default",
    "amount": "180319",
    "associated_contact_ids": []
  },
  "doc_metadata": {
    "hierarchy": {
      "source_path": [
        "Deals"
      ]
    },
    "object_type": "deal",
    "object_id": "3015687"
  },
  "sections": [
    {
      "text": "Deal: Crimson Meadow Brewing\nAmount: $180319\nProduct of Interest: Customer_Analyzer\nFeatures of Interest: fit_estimation\nClose Date: 2026-03-11 00:00:00\nPipeline: default",
      "link": "https://www.onyx.app/95553"
    },
    {
      "text": "Contact: Ryan Dean\nEmail: ryan_dean@crimson_meadow_brewing.onyx.app",
      "link": "https://www.onyx.app/59112"
    },
    {
      "text": "Company: Crimson Meadow Brewing\nDomain: crimson_meadow_brewing.onyx.app",
      "link": "https://www.onyx.app/44070"
    },
    {
      "text": "In the works",
      "link": "https://www.onyx.app/68561"
    }
  ],
  "primary_owners": [],
  "secondary_owners": []
}