{
  "id": "hubspot_deal_6198512",
  "semantic_identifier": "Deltavantage Group - Sales Accelerator",
  "title": null,
  "source": "hubspot",
  "doc_updated_at": "2025-08-16 00:00:00",
  "metadata": {
    "object_type": "deal",
    "deal_stage": "closed-lost",
    "pipeline": "default",
    "amount": "29635",
    "associated_contact_ids": []
  },
  "doc_metadata": {
    "hierarchy": {
      "source_path": [
        "Deals"
      ]
    },
    "object_type": "deal",
    "object_id": "6198512"
  },
  "sections": [
    {
      "text": "Deal: Deltavantage Group\nAmount: $29635\nProduct of Interest: Sales_Accelerator\nFeatures of Interest: sales_initiation_recommendations\nClose Date: 2025-11-20 00:00:00\nPipeline: default",
      "link": "https://www.onyx.app/43091"
    },
    {
      "text": "Contact: Mia Newman\nEmail: mia_newman@deltavantage_group.onyx.app",
      "link": "https://www.onyx.app/80617"
    },
    {
      "text": "Company: Deltavantage Group\nDomain: deltavantage_group.onyx.app",
      "link": "https://www.onyx.app/47970"
    },
    {
      "text": "In the works",
      "link": "https://www.onyx.app/98451"
    }
  ],
  "primary_owners": [],
  "secondary_owners": []
}