{
  "id": "hubspot_deal_6365168",
  "semantic_identifier": "Elmspire Telecom - Customer Analyzer",
  "title": null,
  "source": "hubspot",
  "doc_updated_at": "2025-07-10 00:00:00",
  "metadata": {
    "object_type": "deal",
    "deal_stage": "closed-lost",
    "pipeline": "default",
    "amount": "65807",
    "associated_contact_ids": []
  },
  "doc_metadata": {
    "hierarchy": {
      "source_path": [
        "Deals"
      ]
    },
    "object_type": "deal",
    "object_id": "6365168"
  },
  "sections": [
    {
      "text": "Deal: Elmspire Telecom\nAmount: $65807\nProduct of Interest: Customer_Analyzer\nFeatures of Interest: positioning_recommendation\nClose Date: 2025-09-18 00:00:00\nPipeline: default",
      "link": "https://www.onyx.app/90012"
    },
    {
      "text": "Contact: Zain Mahmood\nEmail: zain_mahmood@elmspire_telecom.onyx.app",
      "link": "https://www.onyx.app/28598"
    },
    {
      "text": "Company: Elmspire Telecom\nDomain: elmspire_telecom.onyx.app",
      "link": "https://www.onyx.app/12222"
    },
    {
      "text": "In the works",
      "link": "https://www.onyx.app/32417"
    }
  ],
  "primary_owners": [],
  "secondary_owners": []
}