{
  "id": "hubspot_deal_9571073",
  "semantic_identifier": "Emberline Cartography - Customer Analyzer",
  "title": null,
  "source": "hubspot",
  "doc_updated_at": "2025-10-19 00:00:00",
  "metadata": {
    "object_type": "deal",
    "deal_stage": "closed-lost",
    "pipeline": "default",
    "amount": "196322",
    "associated_contact_ids": []
  },
  "doc_metadata": {
    "hierarchy": {
      "source_path": [
        "Deals"
      ]
    },
    "object_type": "deal",
    "object_id": "9571073"
  },
  "sections": [
    {
      "text": "Deal: Emberline Cartography\nAmount: $196322\nProduct of Interest: Customer_Analyzer\nFeatures of Interest: positioning_recommendation\nClose Date: 2025-12-13 00:00:00\nPipeline: default",
      "link": "https://www.onyx.app/80191"
    },
    {
      "text": "Contact: Imran Siddiqui\nEmail: imran_siddiqui@emberline_cartography.onyx.app",
      "link": "https://www.onyx.app/61032"
    },
    {
      "text": "Company: Emberline Cartography\nDomain: emberline_cartography.onyx.app",
      "link": "https://www.onyx.app/91122"
    },
    {
      "text": "In the works",
      "link": "https://www.onyx.app/85298"
    }
  ],
  "primary_owners": [],
  "secondary_owners": []
}