{
  "id": "hubspot_deal_5401318",
  "semantic_identifier": "Fairway Prism Sports - Customer Analyzer",
  "title": null,
  "source": "hubspot",
  "doc_updated_at": "2025-05-22 00:00:00",
  "metadata": {
    "object_type": "deal",
    "deal_stage": "closed-lost",
    "pipeline": "default",
    "amount": "163643",
    "associated_contact_ids": []
  },
  "doc_metadata": {
    "hierarchy": {
      "source_path": [
        "Deals"
      ]
    },
    "object_type": "deal",
    "object_id": "5401318"
  },
  "sections": [
    {
      "text": "Deal: Fairway Prism Sports\nAmount: $163643\nProduct of Interest: Customer_Analyzer\nFeatures of Interest: fit_estimation\nClose Date: 2025-08-07 00:00:00\nPipeline: default",
      "link": "https://www.onyx.app/33793"
    },
    {
      "text": "Contact: Natalie Wheeler\nEmail: natalie_wheeler@fairway_prism_sports.onyx.app",
      "link": "https://www.onyx.app/73730"
    },
    {
      "text": "Company: Fairway Prism Sports\nDomain: fairway_prism_sports.onyx.app",
      "link": "https://www.onyx.app/14402"
    },
    {
      "text": "In the works",
      "link": "https://www.onyx.app/90374"
    }
  ],
  "primary_owners": [],
  "secondary_owners": []
}