{
  "id": "hubspot_deal_6486602",
  "semantic_identifier": "Firefly Meridian Labs - Customer Analyzer",
  "title": null,
  "source": "hubspot",
  "doc_updated_at": "2025-09-10 00:00:00",
  "metadata": {
    "object_type": "deal",
    "deal_stage": "closed_won",
    "pipeline": "default",
    "amount": "162832",
    "associated_contact_ids": []
  },
  "doc_metadata": {
    "hierarchy": {
      "source_path": [
        "Deals"
      ]
    },
    "object_type": "deal",
    "object_id": "6486602"
  },
  "sections": [
    {
      "text": "Deal: Firefly Meridian Labs\nAmount: $162832\nProduct of Interest: Customer_Analyzer\nFeatures of Interest: fit_estimation\nClose Date: 2025-12-06 00:00:00\nPipeline: default",
      "link": "https://www.onyx.app/88372"
    },
    {
      "text": "Contact: Thomas Gray\nEmail: thomas_gray@firefly_meridian_labs.onyx.app",
      "link": "https://www.onyx.app/82941"
    },
    {
      "text": "Company: Firefly Meridian Labs\nDomain: firefly_meridian_labs.onyx.app",
      "link": "https://www.onyx.app/87721"
    },
    {
      "text": "In the works",
      "link": "https://www.onyx.app/83542"
    }
  ],
  "primary_owners": [],
  "secondary_owners": []
}