{
  "id": "hubspot_deal_7168796",
  "semantic_identifier": "Flint & Fjord Outfitters - Customer Analyzer",
  "title": null,
  "source": "hubspot",
  "doc_updated_at": "2025-08-06 00:00:00",
  "metadata": {
    "object_type": "deal",
    "deal_stage": "closed-lost",
    "pipeline": "default",
    "amount": "49019",
    "associated_contact_ids": []
  },
  "doc_metadata": {
    "hierarchy": {
      "source_path": [
        "Deals"
      ]
    },
    "object_type": "deal",
    "object_id": "7168796"
  },
  "sections": [
    {
      "text": "Deal: Flint & Fjord Outfitters\nAmount: $49019\nProduct of Interest: Customer_Analyzer\nFeatures of Interest: fit_estimation\nClose Date: 2025-11-22 00:00:00\nPipeline: default",
      "link": "https://www.onyx.app/26293"
    },
    {
      "text": "Contact: Eric Tran\nEmail: eric_tran@flint_&_fjord_outfitters.onyx.app",
      "link": "https://www.onyx.app/92663"
    },
    {
      "text": "Company: Flint & Fjord Outfitters\nDomain: flint_&_fjord_outfitters.onyx.app",
      "link": "https://www.onyx.app/52827"
    },
    {
      "text": "In the works",
      "link": "https://www.onyx.app/88345"
    }
  ],
  "primary_owners": [],
  "secondary_owners": []
}