{
  "id": "hubspot_deal_8503866",
  "semantic_identifier": "Highridge Data Services - Customer Analyzer",
  "title": null,
  "source": "hubspot",
  "doc_updated_at": "2025-11-29 00:00:00",
  "metadata": {
    "object_type": "deal",
    "deal_stage": "closed_won",
    "pipeline": "default",
    "amount": "214054",
    "associated_contact_ids": []
  },
  "doc_metadata": {
    "hierarchy": {
      "source_path": [
        "Deals"
      ]
    },
    "object_type": "deal",
    "object_id": "8503866"
  },
  "sections": [
    {
      "text": "Deal: Highridge Data Services\nAmount: $214054\nProduct of Interest: Customer_Analyzer\nFeatures of Interest: fit_estimation\nClose Date: 2026-03-21 00:00:00\nPipeline: default",
      "link": "https://www.onyx.app/27927"
    },
    {
      "text": "Contact: Tatum Green\nEmail: tatum_green@highridge_data_services.onyx.app",
      "link": "https://www.onyx.app/58741"
    },
    {
      "text": "Company: Highridge Data Services\nDomain: highridge_data_services.onyx.app",
      "link": "https://www.onyx.app/22871"
    },
    {
      "text": "In the works",
      "link": "https://www.onyx.app/18736"
    }
  ],
  "primary_owners": [],
  "secondary_owners": []
}