{
  "id": "hubspot_deal_8933356",
  "semantic_identifier": "Hilltop Orion Real Estate - Customer Analyzer",
  "title": null,
  "source": "hubspot",
  "doc_updated_at": "2025-11-14 00:00:00",
  "metadata": {
    "object_type": "deal",
    "deal_stage": "closed-lost",
    "pipeline": "default",
    "amount": "33999",
    "associated_contact_ids": []
  },
  "doc_metadata": {
    "hierarchy": {
      "source_path": [
        "Deals"
      ]
    },
    "object_type": "deal",
    "object_id": "8933356"
  },
  "sections": [
    {
      "text": "Deal: Hilltop Orion Real Estate\nAmount: $33999\nProduct of Interest: Customer_Analyzer\nFeatures of Interest: fit_estimation\nClose Date: 2026-01-20 00:00:00\nPipeline: default",
      "link": "https://www.onyx.app/74497"
    },
    {
      "text": "Contact: Daniela Rojas\nEmail: daniela_rojas@hilltop_orion_real_estate.onyx.app",
      "link": "https://www.onyx.app/62838"
    },
    {
      "text": "Company: Hilltop Orion Real Estate\nDomain: hilltop_orion_real_estate.onyx.app",
      "link": "https://www.onyx.app/41208"
    },
    {
      "text": "In the works",
      "link": "https://www.onyx.app/27591"
    }
  ],
  "primary_owners": [],
  "secondary_owners": []
}