{
  "id": "hubspot_deal_5385278",
  "semantic_identifier": "Horizoncrest Systems - Issue Tracker",
  "title": null,
  "source": "hubspot",
  "doc_updated_at": "2025-05-12 00:00:00",
  "metadata": {
    "object_type": "deal",
    "deal_stage": "closed-lost",
    "pipeline": "default",
    "amount": "36957",
    "associated_contact_ids": []
  },
  "doc_metadata": {
    "hierarchy": {
      "source_path": [
        "Deals"
      ]
    },
    "object_type": "deal",
    "object_id": "5385278"
  },
  "sections": [
    {
      "text": "Deal: Horizoncrest Systems\nAmount: $36957\nProduct of Interest: Issue_Tracker\nFeatures of Interest: issue_clustering\nClose Date: 2025-07-25 00:00:00\nPipeline: default",
      "link": "https://www.onyx.app/36883"
    },
    {
      "text": "Contact: Julian Morgan\nEmail: julian_morgan@horizoncrest_systems.onyx.app",
      "link": "https://www.onyx.app/31027"
    },
    {
      "text": "Company: Horizoncrest Systems\nDomain: horizoncrest_systems.onyx.app",
      "link": "https://www.onyx.app/74423"
    },
    {
      "text": "In the works",
      "link": "https://www.onyx.app/57800"
    }
  ],
  "primary_owners": [],
  "secondary_owners": []
}