{
  "id": "hubspot_deal_1402022",
  "semantic_identifier": "Ivorynook Furniture - Customer Analyzer",
  "title": null,
  "source": "hubspot",
  "doc_updated_at": "2025-08-28 00:00:00",
  "metadata": {
    "object_type": "deal",
    "deal_stage": "closed-lost",
    "pipeline": "default",
    "amount": "56116",
    "associated_contact_ids": []
  },
  "doc_metadata": {
    "hierarchy": {
      "source_path": [
        "Deals"
      ]
    },
    "object_type": "deal",
    "object_id": "1402022"
  },
  "sections": [
    {
      "text": "Deal: Ivorynook Furniture\nAmount: $56116\nProduct of Interest: Customer_Analyzer\nFeatures of Interest: positioning_recommendation\nClose Date: 2025-11-22 00:00:00\nPipeline: default",
      "link": "https://www.onyx.app/22757"
    },
    {
      "text": "Contact: David Zimmerman\nEmail: david_zimmerman@ivorynook_furniture.onyx.app",
      "link": "https://www.onyx.app/73359"
    },
    {
      "text": "Company: Ivorynook Furniture\nDomain: ivorynook_furniture.onyx.app",
      "link": "https://www.onyx.app/78300"
    },
    {
      "text": "In the works",
      "link": "https://www.onyx.app/81306"
    }
  ],
  "primary_owners": [],
  "secondary_owners": []
}