{
  "id": "hubspot_deal_5529268",
  "semantic_identifier": "Keystone Atlas Partners - Sales Accelerator",
  "title": null,
  "source": "hubspot",
  "doc_updated_at": "2025-03-15 00:00:00",
  "metadata": {
    "object_type": "deal",
    "deal_stage": "closed-lost",
    "pipeline": "default",
    "amount": "209765",
    "associated_contact_ids": []
  },
  "doc_metadata": {
    "hierarchy": {
      "source_path": [
        "Deals"
      ]
    },
    "object_type": "deal",
    "object_id": "5529268"
  },
  "sections": [
    {
      "text": "Deal: Keystone Atlas Partners\nAmount: $209765\nProduct of Interest: Sales_Accelerator\nFeatures of Interest: sales_followup_recommendations\nClose Date: 2025-06-24 00:00:00\nPipeline: default",
      "link": "https://www.onyx.app/11451"
    },
    {
      "text": "Contact: Mason Davis\nEmail: mason_davis@keystone_atlas_partners.onyx.app",
      "link": "https://www.onyx.app/55744"
    },
    {
      "text": "Company: Keystone Atlas Partners\nDomain: keystone_atlas_partners.onyx.app",
      "link": "https://www.onyx.app/85632"
    },
    {
      "text": "In the works",
      "link": "https://www.onyx.app/49574"
    }
  ],
  "primary_owners": [],
  "secondary_owners": []
}