{
  "id": "hubspot_deal_9960283",
  "semantic_identifier": "Lanternvale Properties - Sales Accelerator",
  "title": null,
  "source": "hubspot",
  "doc_updated_at": "2025-12-01 00:00:00",
  "metadata": {
    "object_type": "deal",
    "deal_stage": "closed-lost",
    "pipeline": "default",
    "amount": "154609",
    "associated_contact_ids": []
  },
  "doc_metadata": {
    "hierarchy": {
      "source_path": [
        "Deals"
      ]
    },
    "object_type": "deal",
    "object_id": "9960283"
  },
  "sections": [
    {
      "text": "Deal: Lanternvale Properties\nAmount: $154609\nProduct of Interest: Sales_Accelerator\nFeatures of Interest: sales_followup_recommendations\nClose Date: 2026-02-10 00:00:00\nPipeline: default",
      "link": "https://www.onyx.app/34255"
    },
    {
      "text": "Contact: Tyler Wheeler\nEmail: tyler_wheeler@lanternvale_properties.onyx.app",
      "link": "https://www.onyx.app/64698"
    },
    {
      "text": "Company: Lanternvale Properties\nDomain: lanternvale_properties.onyx.app",
      "link": "https://www.onyx.app/58119"
    },
    {
      "text": "In the works",
      "link": "https://www.onyx.app/62854"
    }
  ],
  "primary_owners": [],
  "secondary_owners": []
}