{
  "id": "hubspot_deal_7861383",
  "semantic_identifier": "Orchardline Supply - Issue Tracker",
  "title": null,
  "source": "hubspot",
  "doc_updated_at": "2025-08-18 00:00:00",
  "metadata": {
    "object_type": "deal",
    "deal_stage": "closed-lost",
    "pipeline": "default",
    "amount": "87462",
    "associated_contact_ids": []
  },
  "doc_metadata": {
    "hierarchy": {
      "source_path": [
        "Deals"
      ]
    },
    "object_type": "deal",
    "object_id": "7861383"
  },
  "sections": [
    {
      "text": "Deal: Orchardline Supply\nAmount: $87462\nProduct of Interest: Issue_Tracker\nFeatures of Interest: issue_priotization\nClose Date: 2025-09-30 00:00:00\nPipeline: default",
      "link": "https://www.onyx.app/59834"
    },
    {
      "text": "Contact: Madeline Cho\nEmail: madeline_cho@orchardline_supply.onyx.app",
      "link": "https://www.onyx.app/15805"
    },
    {
      "text": "Company: Orchardline Supply\nDomain: orchardline_supply.onyx.app",
      "link": "https://www.onyx.app/56753"
    },
    {
      "text": "In the works",
      "link": "https://www.onyx.app/54950"
    }
  ],
  "primary_owners": [],
  "secondary_owners": []
}