{
  "id": "hubspot_deal_5750411",
  "semantic_identifier": "Pacific Ember Foods - Sales Accelerator",
  "title": null,
  "source": "hubspot",
  "doc_updated_at": "2025-06-13 00:00:00",
  "metadata": {
    "object_type": "deal",
    "deal_stage": "closed-lost",
    "pipeline": "default",
    "amount": "221756",
    "associated_contact_ids": []
  },
  "doc_metadata": {
    "hierarchy": {
      "source_path": [
        "Deals"
      ]
    },
    "object_type": "deal",
    "object_id": "5750411"
  },
  "sections": [
    {
      "text": "Deal: Pacific Ember Foods\nAmount: $221756\nProduct of Interest: Sales_Accelerator\nFeatures of Interest: sales_followup_recommendations\nClose Date: 2025-09-17 00:00:00\nPipeline: default",
      "link": "https://www.onyx.app/47366"
    },
    {
      "text": "Contact: Kent Delgado\nEmail: kent_delgado@pacific_ember_foods.onyx.app",
      "link": "https://www.onyx.app/55150"
    },
    {
      "text": "Company: Pacific Ember Foods\nDomain: pacific_ember_foods.onyx.app",
      "link": "https://www.onyx.app/45455"
    },
    {
      "text": "In the works",
      "link": "https://www.onyx.app/12918"
    }
  ],
  "primary_owners": [],
  "secondary_owners": []
}