{
  "id": "hubspot_deal_7522198",
  "semantic_identifier": "Prairielark Education - Issue Tracker",
  "title": null,
  "source": "hubspot",
  "doc_updated_at": "2025-02-28 00:00:00",
  "metadata": {
    "object_type": "deal",
    "deal_stage": "closed-lost",
    "pipeline": "default",
    "amount": "74336",
    "associated_contact_ids": []
  },
  "doc_metadata": {
    "hierarchy": {
      "source_path": [
        "Deals"
      ]
    },
    "object_type": "deal",
    "object_id": "7522198"
  },
  "sections": [
    {
      "text": "Deal: Prairielark Education\nAmount: $74336\nProduct of Interest: Issue_Tracker\nFeatures of Interest: issue_clustering\nClose Date: 2025-05-22 00:00:00\nPipeline: default",
      "link": "https://www.onyx.app/26740"
    },
    {
      "text": "Contact: David Green\nEmail: david_green@prairielark_education.onyx.app",
      "link": "https://www.onyx.app/12515"
    },
    {
      "text": "Company: Prairielark Education\nDomain: prairielark_education.onyx.app",
      "link": "https://www.onyx.app/47379"
    },
    {
      "text": "In the works",
      "link": "https://www.onyx.app/41066"
    }
  ],
  "primary_owners": [],
  "secondary_owners": []
}