{
  "id": "hubspot_deal_6069720",
  "semantic_identifier": "Quartzhaven Insurance - Customer Analyzer",
  "title": null,
  "source": "hubspot",
  "doc_updated_at": "2025-08-08 00:00:00",
  "metadata": {
    "object_type": "deal",
    "deal_stage": "closed-lost",
    "pipeline": "default",
    "amount": "68278",
    "associated_contact_ids": []
  },
  "doc_metadata": {
    "hierarchy": {
      "source_path": [
        "Deals"
      ]
    },
    "object_type": "deal",
    "object_id": "6069720"
  },
  "sections": [
    {
      "text": "Deal: Quartzhaven Insurance\nAmount: $68278\nProduct of Interest: Customer_Analyzer\nFeatures of Interest: fit_estimation\nClose Date: 2025-09-10 00:00:00\nPipeline: default",
      "link": "https://www.onyx.app/77551"
    },
    {
      "text": "Contact: Zoe Jacobs\nEmail: zoe_jacobs@quartzhaven_insurance.onyx.app",
      "link": "https://www.onyx.app/81911"
    },
    {
      "text": "Company: Quartzhaven Insurance\nDomain: quartzhaven_insurance.onyx.app",
      "link": "https://www.onyx.app/62531"
    },
    {
      "text": "In the works",
      "link": "https://www.onyx.app/69644"
    }
  ],
  "primary_owners": [],
  "secondary_owners": []
}