{
  "id": "hubspot_deal_4932911",
  "semantic_identifier": "Quicksilver Freight - Sales Accelerator",
  "title": null,
  "source": "hubspot",
  "doc_updated_at": "2025-08-13 00:00:00",
  "metadata": {
    "object_type": "deal",
    "deal_stage": "closed-lost",
    "pipeline": "default",
    "amount": "70019",
    "associated_contact_ids": []
  },
  "doc_metadata": {
    "hierarchy": {
      "source_path": [
        "Deals"
      ]
    },
    "object_type": "deal",
    "object_id": "4932911"
  },
  "sections": [
    {
      "text": "Deal: Quicksilver Freight\nAmount: $70019\nProduct of Interest: Sales_Accelerator\nFeatures of Interest: sales_forecast\nClose Date: 2025-10-08 00:00:00\nPipeline: default",
      "link": "https://www.onyx.app/47192"
    },
    {
      "text": "Contact: Noor Farooq\nEmail: noor_farooq@quicksilver_freight.onyx.app",
      "link": "https://www.onyx.app/40882"
    },
    {
      "text": "Company: Quicksilver Freight\nDomain: quicksilver_freight.onyx.app",
      "link": "https://www.onyx.app/39974"
    },
    {
      "text": "In the works",
      "link": "https://www.onyx.app/45378"
    }
  ],
  "primary_owners": [],
  "secondary_owners": []
}