{
  "id": "hubspot_deal_5753002",
  "semantic_identifier": "Tideglass Ocean Research - Sales Accelerator",
  "title": null,
  "source": "hubspot",
  "doc_updated_at": "2025-07-05 00:00:00",
  "metadata": {
    "object_type": "deal",
    "deal_stage": "closed-lost",
    "pipeline": "default",
    "amount": "220881",
    "associated_contact_ids": []
  },
  "doc_metadata": {
    "hierarchy": {
      "source_path": [
        "Deals"
      ]
    },
    "object_type": "deal",
    "object_id": "5753002"
  },
  "sections": [
    {
      "text": "Deal: Tideglass Ocean Research\nAmount: $220881\nProduct of Interest: Sales_Accelerator\nFeatures of Interest: warning_alerts\nClose Date: 2025-09-17 00:00:00\nPipeline: default",
      "link": "https://www.onyx.app/43346"
    },
    {
      "text": "Contact: Victoria Herrera\nEmail: victoria_herrera@tideglass_ocean_research.onyx.app",
      "link": "https://www.onyx.app/40499"
    },
    {
      "text": "Company: Tideglass Ocean Research\nDomain: tideglass_ocean_research.onyx.app",
      "link": "https://www.onyx.app/11295"
    },
    {
      "text": "In the works",
      "link": "https://www.onyx.app/12559"
    }
  ],
  "primary_owners": [],
  "secondary_owners": []
}