{
  "id": "hubspot_deal_5490194",
  "semantic_identifier": "Timberline Metro Transit - Customer Analyzer",
  "title": null,
  "source": "hubspot",
  "doc_updated_at": "2025-06-03 00:00:00",
  "metadata": {
    "object_type": "deal",
    "deal_stage": "closed-lost",
    "pipeline": "default",
    "amount": "93909",
    "associated_contact_ids": []
  },
  "doc_metadata": {
    "hierarchy": {
      "source_path": [
        "Deals"
      ]
    },
    "object_type": "deal",
    "object_id": "5490194"
  },
  "sections": [
    {
      "text": "Deal: Timberline Metro Transit\nAmount: $93909\nProduct of Interest: Customer_Analyzer\nFeatures of Interest: fit_estimation\nClose Date: 2025-08-12 00:00:00\nPipeline: default",
      "link": "https://www.onyx.app/90369"
    },
    {
      "text": "Contact: Rhea Narang\nEmail: rhea_narang@timberline_metro_transit.onyx.app",
      "link": "https://www.onyx.app/41414"
    },
    {
      "text": "Company: Timberline Metro Transit\nDomain: timberline_metro_transit.onyx.app",
      "link": "https://www.onyx.app/79256"
    },
    {
      "text": "In the works",
      "link": "https://www.onyx.app/91096"
    }
  ],
  "primary_owners": [],
  "secondary_owners": []
}