{
  "id": "hubspot_deal_7503954",
  "semantic_identifier": "Ultraviolet Summit Labs - Customer Analyzer",
  "title": null,
  "source": "hubspot",
  "doc_updated_at": "2025-04-15 00:00:00",
  "metadata": {
    "object_type": "deal",
    "deal_stage": "closed-lost",
    "pipeline": "default",
    "amount": "21458",
    "associated_contact_ids": []
  },
  "doc_metadata": {
    "hierarchy": {
      "source_path": [
        "Deals"
      ]
    },
    "object_type": "deal",
    "object_id": "7503954"
  },
  "sections": [
    {
      "text": "Deal: Ultraviolet Summit Labs\nAmount: $21458\nProduct of Interest: Customer_Analyzer\nFeatures of Interest: positioning_recommendation\nClose Date: 2025-06-01 00:00:00\nPipeline: default",
      "link": "https://www.onyx.app/81206"
    },
    {
      "text": "Contact: Natalie Collins\nEmail: natalie_collins@ultraviolet_summit_labs.onyx.app",
      "link": "https://www.onyx.app/97362"
    },
    {
      "text": "Company: Ultraviolet Summit Labs\nDomain: ultraviolet_summit_labs.onyx.app",
      "link": "https://www.onyx.app/79971"
    },
    {
      "text": "In the works",
      "link": "https://www.onyx.app/41545"
    }
  ],
  "primary_owners": [],
  "secondary_owners": []
}