{
  "id": "hubspot_deal_9163206",
  "semantic_identifier": "Urbannectar Cosmetics - Customer Analyzer",
  "title": null,
  "source": "hubspot",
  "doc_updated_at": "2025-09-28 00:00:00",
  "metadata": {
    "object_type": "deal",
    "deal_stage": "closed-lost",
    "pipeline": "default",
    "amount": "154193",
    "associated_contact_ids": []
  },
  "doc_metadata": {
    "hierarchy": {
      "source_path": [
        "Deals"
      ]
    },
    "object_type": "deal",
    "object_id": "9163206"
  },
  "sections": [
    {
      "text": "Deal: Urbannectar Cosmetics\nAmount: $154193\nProduct of Interest: Customer_Analyzer\nFeatures of Interest: positioning_recommendation\nClose Date: 2025-11-15 00:00:00\nPipeline: default",
      "link": "https://www.onyx.app/21816"
    },
    {
      "text": "Contact: Ellis Adams\nEmail: ellis_adams@urbannectar_cosmetics.onyx.app",
      "link": "https://www.onyx.app/77571"
    },
    {
      "text": "Company: Urbannectar Cosmetics\nDomain: urbannectar_cosmetics.onyx.app",
      "link": "https://www.onyx.app/23817"
    },
    {
      "text": "In the works",
      "link": "https://www.onyx.app/14274"
    }
  ],
  "primary_owners": [],
  "secondary_owners": []
}