{
  "id": "hubspot_deal_3827294",
  "semantic_identifier": "Vividcedar Marketing - Customer Analyzer",
  "title": null,
  "source": "hubspot",
  "doc_updated_at": "2025-02-21 00:00:00",
  "metadata": {
    "object_type": "deal",
    "deal_stage": "closed_won",
    "pipeline": "default",
    "amount": "107780",
    "associated_contact_ids": []
  },
  "doc_metadata": {
    "hierarchy": {
      "source_path": [
        "Deals"
      ]
    },
    "object_type": "deal",
    "object_id": "3827294"
  },
  "sections": [
    {
      "text": "Deal: Vividcedar Marketing\nAmount: $107780\nProduct of Interest: Customer_Analyzer\nFeatures of Interest: fit_estimation\nClose Date: 2025-04-15 00:00:00\nPipeline: default",
      "link": "https://www.onyx.app/61992"
    },
    {
      "text": "Contact: Ricardo Alvarez\nEmail: ricardo_alvarez@vividcedar_marketing.onyx.app",
      "link": "https://www.onyx.app/53405"
    },
    {
      "text": "Company: Vividcedar Marketing\nDomain: vividcedar_marketing.onyx.app",
      "link": "https://www.onyx.app/43721"
    },
    {
      "text": "In the works",
      "link": "https://www.onyx.app/26870"
    }
  ],
  "primary_owners": [],
  "secondary_owners": []
}