{
  "id": "hubspot_deal_5910001",
  "semantic_identifier": "Xylembright Water Tech - Customer Analyzer",
  "title": null,
  "source": "hubspot",
  "doc_updated_at": "2025-07-31 00:00:00",
  "metadata": {
    "object_type": "deal",
    "deal_stage": "closed_won",
    "pipeline": "default",
    "amount": "71161",
    "associated_contact_ids": []
  },
  "doc_metadata": {
    "hierarchy": {
      "source_path": [
        "Deals"
      ]
    },
    "object_type": "deal",
    "object_id": "5910001"
  },
  "sections": [
    {
      "text": "Deal: Xylembright Water Tech\nAmount: $71161\nProduct of Interest: Customer_Analyzer\nFeatures of Interest: positioning_recommendation\nClose Date: 2025-11-20 00:00:00\nPipeline: default",
      "link": "https://www.onyx.app/97868"
    },
    {
      "text": "Contact: Drew Cox\nEmail: drew_cox@xylembright_water_tech.onyx.app",
      "link": "https://www.onyx.app/19943"
    },
    {
      "text": "Company: Xylembright Water Tech\nDomain: xylembright_water_tech.onyx.app",
      "link": "https://www.onyx.app/20845"
    },
    {
      "text": "In the works",
      "link": "https://www.onyx.app/89610"
    }
  ],
  "primary_owners": [],
  "secondary_owners": []
}