{
  "id": "hubspot_deal_6190080",
  "semantic_identifier": "Yarrowgate Investment - Issue Tracker",
  "title": null,
  "source": "hubspot",
  "doc_updated_at": "2025-11-16 00:00:00",
  "metadata": {
    "object_type": "deal",
    "deal_stage": "closed-lost",
    "pipeline": "default",
    "amount": "150012",
    "associated_contact_ids": []
  },
  "doc_metadata": {
    "hierarchy": {
      "source_path": [
        "Deals"
      ]
    },
    "object_type": "deal",
    "object_id": "6190080"
  },
  "sections": [
    {
      "text": "Deal: Yarrowgate Investment\nAmount: $150012\nProduct of Interest: Issue_Tracker\nFeatures of Interest: issue_priotization\nClose Date: 2025-12-22 00:00:00\nPipeline: default",
      "link": "https://www.onyx.app/39596"
    },
    {
      "text": "Contact: Leah Wheeler\nEmail: leah_wheeler@yarrowgate_investment.onyx.app",
      "link": "https://www.onyx.app/64890"
    },
    {
      "text": "Company: Yarrowgate Investment\nDomain: yarrowgate_investment.onyx.app",
      "link": "https://www.onyx.app/51646"
    },
    {
      "text": "In the works",
      "link": "https://www.onyx.app/18502"
    }
  ],
  "primary_owners": [],
  "secondary_owners": []
}