{
  "id": "hubspot_deal_7895263",
  "semantic_identifier": "Yellowfinch Foods - Issue Tracker",
  "title": null,
  "source": "hubspot",
  "doc_updated_at": "2025-11-13 00:00:00",
  "metadata": {
    "object_type": "deal",
    "deal_stage": "closed-lost",
    "pipeline": "default",
    "amount": "120495",
    "associated_contact_ids": []
  },
  "doc_metadata": {
    "hierarchy": {
      "source_path": [
        "Deals"
      ]
    },
    "object_type": "deal",
    "object_id": "7895263"
  },
  "sections": [
    {
      "text": "Deal: Yellowfinch Foods\nAmount: $120495\nProduct of Interest: Issue_Tracker\nFeatures of Interest: integrations_connectors\nClose Date: 2025-12-18 00:00:00\nPipeline: default",
      "link": "https://www.onyx.app/57686"
    },
    {
      "text": "Contact: Jeremy Medina\nEmail: jeremy_medina@yellowfinch_foods.onyx.app",
      "link": "https://www.onyx.app/80099"
    },
    {
      "text": "Company: Yellowfinch Foods\nDomain: yellowfinch_foods.onyx.app",
      "link": "https://www.onyx.app/16224"
    },
    {
      "text": "In the works",
      "link": "https://www.onyx.app/49465"
    }
  ],
  "primary_owners": [],
  "secondary_owners": []
}