{
  "id": "hubspot_deal_5890916",
  "semantic_identifier": "Yonderslate Legal - Customer Analyzer",
  "title": null,
  "source": "hubspot",
  "doc_updated_at": "2025-11-17 00:00:00",
  "metadata": {
    "object_type": "deal",
    "deal_stage": "closed-lost",
    "pipeline": "default",
    "amount": "137834",
    "associated_contact_ids": []
  },
  "doc_metadata": {
    "hierarchy": {
      "source_path": [
        "Deals"
      ]
    },
    "object_type": "deal",
    "object_id": "5890916"
  },
  "sections": [
    {
      "text": "Deal: Yonderslate Legal\nAmount: $137834\nProduct of Interest: Customer_Analyzer\nFeatures of Interest: fit_estimation\nClose Date: 2025-12-30 00:00:00\nPipeline: default",
      "link": "https://www.onyx.app/48266"
    },
    {
      "text": "Contact: Violet Herrera\nEmail: violet_herrera@yonderslate_legal.onyx.app",
      "link": "https://www.onyx.app/60477"
    },
    {
      "text": "Company: Yonderslate Legal\nDomain: yonderslate_legal.onyx.app",
      "link": "https://www.onyx.app/56298"
    },
    {
      "text": "In the works",
      "link": "https://www.onyx.app/65819"
    }
  ],
  "primary_owners": [],
  "secondary_owners": []
}