{
  "id": "hubspot_deal_8933953",
  "semantic_identifier": "Zenith Lark Ventures - Customer Analyzer",
  "title": null,
  "source": "hubspot",
  "doc_updated_at": "2025-11-06 00:00:00",
  "metadata": {
    "object_type": "deal",
    "deal_stage": "closed-lost",
    "pipeline": "default",
    "amount": "124472",
    "associated_contact_ids": []
  },
  "doc_metadata": {
    "hierarchy": {
      "source_path": [
        "Deals"
      ]
    },
    "object_type": "deal",
    "object_id": "8933953"
  },
  "sections": [
    {
      "text": "Deal: Zenith Lark Ventures\nAmount: $124472\nProduct of Interest: Customer_Analyzer\nFeatures of Interest: fit_estimation\nClose Date: 2025-12-28 00:00:00\nPipeline: default",
      "link": "https://www.onyx.app/99586"
    },
    {
      "text": "Contact: Kinsley Daniels\nEmail: kinsley_daniels@zenith_lark_ventures.onyx.app",
      "link": "https://www.onyx.app/90682"
    },
    {
      "text": "Company: Zenith Lark Ventures\nDomain: zenith_lark_ventures.onyx.app",
      "link": "https://www.onyx.app/38686"
    },
    {
      "text": "In the works",
      "link": "https://www.onyx.app/78865"
    }
  ],
  "primary_owners": [],
  "secondary_owners": []
}