{
  "id": "hubspot_deal_9386439",
  "semantic_identifier": "Zestwood Homewares - Customer Analyzer",
  "title": null,
  "source": "hubspot",
  "doc_updated_at": "2025-12-14 00:00:00",
  "metadata": {
    "object_type": "deal",
    "deal_stage": "closed-lost",
    "pipeline": "default",
    "amount": "55930",
    "associated_contact_ids": []
  },
  "doc_metadata": {
    "hierarchy": {
      "source_path": [
        "Deals"
      ]
    },
    "object_type": "deal",
    "object_id": "9386439"
  },
  "sections": [
    {
      "text": "Deal: Zestwood Homewares\nAmount: $55930\nProduct of Interest: Customer_Analyzer\nFeatures of Interest: fit_estimation\nClose Date: 2026-01-25 00:00:00\nPipeline: default",
      "link": "https://www.onyx.app/48204"
    },
    {
      "text": "Contact: Timothy Hart\nEmail: timothy_hart@zestwood_homewares.onyx.app",
      "link": "https://www.onyx.app/37288"
    },
    {
      "text": "Company: Zestwood Homewares\nDomain: zestwood_homewares.onyx.app",
      "link": "https://www.onyx.app/98594"
    },
    {
      "text": "In the works",
      "link": "https://www.onyx.app/30586"
    }
  ],
  "primary_owners": [],
  "secondary_owners": []
}