{
  "id": "e3752db57a8a4683bb5ab144e4fadcaf",
  "semantic_identifier": "1412708: Expose Customer Analyzer synced data to guidance context",
  "title": null,
  "source": "gmail",
  "doc_updated_at": "2025-06-07",
  "metadata": {},
  "doc_metadata": null,
  "sections": [
    {
      "text": "Hi Isabella,\n\nI got ticket 1412708 assigned to me. It\u2019s the data-access/wiring work to surface Customer Analyzer integration table fields (fit score, segment, approved positioning blocks) into the initiation + follow-up guidance generator context for a given CRM account/opportunity, including correct ID mapping and selecting the latest synced version with safe fallbacks.\n\nRough effort: ~2\u20133 days depending on how much caching/mapping validation we need.\n\n-Kevin",
      "link": "https://www.onyx.app/demo_files/gmail/e3752db57a8a4683bb5ab144e4fadcaf/0"
    },
    {
      "text": "Thanks Kevin. Any major risks or dependencies that could push this past 3 days?",
      "link": "https://www.onyx.app/demo_files/gmail/e3752db57a8a4683bb5ab144e4fadcaf/1"
    },
    {
      "text": "Main risks are (1) ambiguous ID mapping between account vs opportunity in some flows and needing to confirm the canonical source, and (2) verifying \u201clatest synced\u201d determinism if timestamps/versions aren\u2019t consistently populated. Dependency-wise, I may need a quick check from the Customer Analyzer integration owner on the expected key/version fields, but otherwise it\u2019s self-contained.\n\n-Kevin",
      "link": "https://www.onyx.app/demo_files/gmail/e3752db57a8a4683bb5ab144e4fadcaf/2"
    }
  ],
  "primary_owners": [
    {
      "display_name": null,
      "first_name": "Kevin",
      "middle_initial": null,
      "last_name": "Sullivan",
      "email": "kevin_sullivan@netherite-extraction.onyx.app"
    },
    {
      "display_name": null,
      "first_name": "Isabella",
      "middle_initial": null,
      "last_name": "Torres",
      "email": "isabella_torres@netherite-extraction.onyx.app"
    }
  ],
  "secondary_owners": []
}