{
  "id": "845e509f0d4e467d847bb40d74d6f3f8",
  "semantic_identifier": "2178712: Inline editing UI for segment positioning templates",
  "title": null,
  "source": "gmail",
  "doc_updated_at": "2025-04-27",
  "metadata": {},
  "doc_metadata": null,
  "sections": [
    {
      "text": "Hi Javier,\n\nI\u2019ve been assigned ticket 2178712 ([BUG][Ticket 3/5]) to implement the inline editing UI for segment positioning templates in the segment detail view. I\u2019ll reuse the GOLD-4 payload schema, add local form state + dirty tracking, basic client-side validation, and support read/edit mode while preserving server defaults when no custom template exists (no persistence wiring yet).\n\nRough effort: ~2\u20133 days including QA and edge cases.\n\nThanks,\nJiwon",
      "link": "https://www.onyx.app/demo_files/gmail/845e509f0d4e467d847bb40d74d6f3f8/0"
    },
    {
      "text": "Thanks Jiwon.\n\nAre there any dependencies or open questions with GOLD-4 that might block you, or can you proceed independently?",
      "link": "https://www.onyx.app/demo_files/gmail/845e509f0d4e467d847bb40d74d6f3f8/1"
    },
    {
      "text": "I can proceed independently using the existing GOLD-4 schema. The only potential dependency is confirming the exact required/length limits per section; if those aren\u2019t specified, I\u2019ll implement reasonable defaults and flag them for PM confirmation.\n\n-Jiwon",
      "link": "https://www.onyx.app/demo_files/gmail/845e509f0d4e467d847bb40d74d6f3f8/2"
    },
    {
      "text": "Sounds good\u2014go ahead with that plan and keep me posted if the validation rules need a decision.",
      "link": "https://www.onyx.app/demo_files/gmail/845e509f0d4e467d847bb40d74d6f3f8/3"
    }
  ],
  "primary_owners": [
    {
      "display_name": null,
      "first_name": "Jiwon",
      "middle_initial": null,
      "last_name": "Kang",
      "email": "jiwon_kang@netherite-extraction.onyx.app"
    },
    {
      "display_name": null,
      "first_name": "Javier",
      "middle_initial": null,
      "last_name": "Morales",
      "email": "javier_morales@netherite-extraction.onyx.app"
    }
  ],
  "secondary_owners": []
}