{
  "id": "243d0d8aabbb4aef87ab5ea10356e83a",
  "semantic_identifier": "2610151: Pin positioningBlockVersionId in recommendation generation",
  "title": null,
  "source": "gmail",
  "doc_updated_at": "2025-08-01",
  "metadata": {},
  "doc_metadata": null,
  "sections": [
    {
      "text": "Hi Isabella,\n\nI got ticket 2610151 and it\u2019s assigned to me. I\u2019ll update recommendation/message generation to always use an explicit positioningBlockVersionId (from stored Customer Analyzer versions) instead of resolving \u201clatest\u201d at runtime, and persist that version on the generated record so re-renders/edits/follow-ups don\u2019t drift after Marketing updates. If the requested version is missing, we\u2019ll throw a clear error and fall back to the last known pinned version (no silent auto-upgrade).\n\nRough effort: ~1\u20132 days including schema change/backfill and test coverage.\n\nThanks,\nJason",
      "link": "https://www.onyx.app/demo_files/gmail/243d0d8aabbb4aef87ab5ea10356e83a/0"
    },
    {
      "text": "Thanks, Jason.\n\nAny migration/backfill risk here\u2014do we need a feature flag or a staged rollout to avoid breaking existing records?",
      "link": "https://www.onyx.app/demo_files/gmail/243d0d8aabbb4aef87ab5ea10356e83a/1"
    }
  ],
  "primary_owners": [
    {
      "display_name": null,
      "first_name": "Jason",
      "middle_initial": null,
      "last_name": "Morris",
      "email": "jason_morris@netherite-extraction.onyx.app"
    },
    {
      "display_name": null,
      "first_name": "Isabella",
      "middle_initial": null,
      "last_name": "Torres",
      "email": "isabella_torres@netherite-extraction.onyx.app"
    }
  ],
  "secondary_owners": []
}