{
  "id": "d9e4fc84106d4d0baa059d0350c32f00",
  "semantic_identifier": "2793325 Warning alerts v2: Route alerts to correct manager based on ownership",
  "title": null,
  "source": "gmail",
  "doc_updated_at": "2025-09-04",
  "metadata": {},
  "doc_metadata": null,
  "sections": [
    {
      "text": "Hi Javier,\n\nI got ticket 2793325 assigned to me. I\u2019ll update warning alert routing to notify the correct manager based on CRM account/opportunity owner/manager hierarchy, add a deterministic fallback when manager data is missing/stale, and add lightweight logging for recipient + fallback reason (no changes to alert content).\n\nRough effort: ~2\u20133 days including testing.\n\nThanks,\nJiwon",
      "link": "https://www.onyx.app/demo_files/gmail/d9e4fc84106d4d0baa059d0350c32f00/0"
    },
    {
      "text": "Thanks Jiwon.\n\nAny risks with missing/incorrect CRM hierarchy data, and how will we make sure we don\u2019t route to the wrong person?",
      "link": "https://www.onyx.app/demo_files/gmail/d9e4fc84106d4d0baa059d0350c32f00/1"
    },
    {
      "text": "Main risk is stale or incomplete manager fields. I\u2019ll mitigate by: (1) using a clear precedence order for manager fields, (2) falling back deterministically to the deal owner or default channel when data is missing/invalid, and (3) logging the chosen recipient plus the fallback reason so we can audit and adjust quickly if we see misroutes.\n\nJiwon",
      "link": "https://www.onyx.app/demo_files/gmail/d9e4fc84106d4d0baa059d0350c32f00/2"
    }
  ],
  "primary_owners": [
    {
      "display_name": null,
      "first_name": "Jiwon",
      "middle_initial": null,
      "last_name": "Kang",
      "email": "jiwon_kang@netherite-extraction.onyx.app"
    },
    {
      "display_name": null,
      "first_name": "Javier",
      "middle_initial": null,
      "last_name": "Morales",
      "email": "javier_morales@netherite-extraction.onyx.app"
    }
  ],
  "secondary_owners": []
}