{
  "id": "17586e29837c4e1eaa64e0a061aaef52",
  "semantic_identifier": "6857008 \u2014 Segment-weighted forecast totals (fit tiers)",
  "title": null,
  "source": "gmail",
  "doc_updated_at": "2025-09-22",
  "metadata": {},
  "doc_metadata": null,
  "sections": [
    {
      "text": "Got ticket 6857008 assigned to me. I\u2019ll update the forecasting aggregation pipeline to compute segment-weighted totals by applying configurable weights per Customer Analyzer fit tier (A/B/C), and expose both raw + weighted totals in the forecast API across baseline/commit/best-case, with a graceful fallback when fit tier is missing. Roughly 2\u20133 days including tests and API contract updates.",
      "link": "https://www.onyx.app/demo_files/gmail/17586e29837c4e1eaa64e0a061aaef52/0"
    },
    {
      "text": "Thanks Tyler. Do we need any API versioning or feature flag here to avoid breaking the UI or existing consumers?",
      "link": "https://www.onyx.app/demo_files/gmail/17586e29837c4e1eaa64e0a061aaef52/1"
    },
    {
      "text": "We shouldn\u2019t need versioning since we\u2019ll keep existing fields unchanged and add new fields for weighted totals. I can gate the weighted fields behind a server-side feature flag initially so we can roll out safely and keep the UI optional.",
      "link": "https://www.onyx.app/demo_files/gmail/17586e29837c4e1eaa64e0a061aaef52/2"
    }
  ],
  "primary_owners": [
    {
      "display_name": null,
      "first_name": "Tyler",
      "middle_initial": null,
      "last_name": "Jenkins",
      "email": "tyler_jenkins@netherite-extraction.onyx.app"
    },
    {
      "display_name": null,
      "first_name": "Javier",
      "middle_initial": null,
      "last_name": "Morales",
      "email": "javier_morales@netherite-extraction.onyx.app"
    }
  ],
  "secondary_owners": []
}