{
  "id": "a4adf4efbaa5490b82cca0b3fe98b970",
  "semantic_identifier": "8530610: Optimize field-mapping resolution during integration sync",
  "title": null,
  "source": "gmail",
  "doc_updated_at": "2025-08-12",
  "metadata": {},
  "doc_metadata": null,
  "sections": [
    {
      "text": "Hi Isabella,\n\nI\u2019ve been assigned ticket 8530610. I\u2019ll update the integration sync pipeline to precompute a canonical field-mapping set per run (dedup + deterministic conflict resolution), then apply mappings in a single pass to avoid repeated lookups/transforms. I\u2019ll also add structured diagnostics for dropped/merged mappings and impacted fields.\n\nRough effort: ~2\u20133 days including tests and a small perf check.\n\nThanks,\nJason",
      "link": "https://www.onyx.app/demo_files/gmail/a4adf4efbaa5490b82cca0b3fe98b970/0"
    },
    {
      "text": "Thanks, Jason.\n\nAny risk this changes sync output behavior for existing customers, and do we need a feature flag/rollout plan?",
      "link": "https://www.onyx.app/demo_files/gmail/a4adf4efbaa5490b82cca0b3fe98b970/1"
    },
    {
      "text": "There is some behavior change risk where configs have duplicates/conflicts today\u2014output should become deterministic based on the defined resolution rule. I\u2019ll keep the current precedence semantics where possible, log any resolved conflicts in diagnostics, and add a feature flag so we can enable per integration and do a gradual rollout.\n\nJason",
      "link": "https://www.onyx.app/demo_files/gmail/a4adf4efbaa5490b82cca0b3fe98b970/2"
    }
  ],
  "primary_owners": [
    {
      "display_name": null,
      "first_name": "Jason",
      "middle_initial": null,
      "last_name": "Morris",
      "email": "jason_morris@netherite-extraction.onyx.app"
    },
    {
      "display_name": null,
      "first_name": "Isabella",
      "middle_initial": null,
      "last_name": "Torres",
      "email": "isabella_torres@netherite-extraction.onyx.app"
    }
  ],
  "secondary_owners": []
}