{
  "id": "1d5a570315624aadb2a19923d8752bba",
  "semantic_identifier": "[GOLD-XX] In-CRM copy/insert actions for Guidance outputs (Ticket 6980184)",
  "title": null,
  "source": "gmail",
  "doc_updated_at": "2025-04-10",
  "metadata": {},
  "doc_metadata": null,
  "sections": [
    {
      "text": "Hi Isabella,\n\nI got ticket 6980184 assigned to me. It\u2019s the in-CRM Guidance panel actions: add one-click copy-to-clipboard per guidance block and an \u201cInsert into CRM\u201d action that writes the selected text into supported targets (e.g., SFDC Task/Note, HubSpot Note/Activity) for the current record, with clear success/error feedback.\n\nRough effort: ~3\u20135 days depending on CRM write APIs/permissions edge cases.\n\nThanks,\nKevin",
      "link": "https://www.onyx.app/demo_files/gmail/1d5a570315624aadb2a19923d8752bba/0"
    },
    {
      "text": "Thanks Kevin.\n\nDo you foresee any dependencies or access/permissions work needed (SFDC/HubSpot) that could impact the timeline?",
      "link": "https://www.onyx.app/demo_files/gmail/1d5a570315624aadb2a19923d8752bba/1"
    },
    {
      "text": "Yes\u2014main risk is CRM write permissions and target object coverage. I\u2019ll need confirm we have API scopes to create Notes/Tasks/Activities for the current Account/Opportunity context, and validate how we resolve the \u201ccurrent record\u201d IDs from the embedded panel. If scopes/record context are already available, timeline stays ~3\u20135 days; otherwise I\u2019ll flag early once I hit auth/permission gaps.\n\nKevin",
      "link": "https://www.onyx.app/demo_files/gmail/1d5a570315624aadb2a19923d8752bba/2"
    }
  ],
  "primary_owners": [
    {
      "display_name": null,
      "first_name": "Kevin",
      "middle_initial": null,
      "last_name": "Sullivan",
      "email": "kevin_sullivan@netherite-extraction.onyx.app"
    },
    {
      "display_name": null,
      "first_name": "Isabella",
      "middle_initial": null,
      "last_name": "Torres",
      "email": "isabella_torres@netherite-extraction.onyx.app"
    }
  ],
  "secondary_owners": []
}