{
  "id": "b5437329bc224b22aee2b81536826403",
  "semantic_identifier": "Ticket 1078263 \u2014 Fix contact coverage calc for multi-threading prompts",
  "title": null,
  "source": "gmail",
  "doc_updated_at": "2025-08-22",
  "metadata": {},
  "doc_metadata": null,
  "sections": [
    {
      "text": "Hi Javier,\n\nI got assigned ticket 1078263. I\u2019ll be fixing the backend contact coverage calculation (roles/personas, active contacts, engagement recency) used to trigger multi-threading prompts, including cases where coverage goes stale after CRM syncs/contact merges/stage changes. I\u2019ll also add lightweight telemetry around inputs/outputs so we can validate eligibility in prod.\n\nRough effort: ~2\u20133 days dev + testing depending on how many edge cases we find in the sync/merge paths.\n\n\u2013 Brooke",
      "link": "https://www.onyx.app/demo_files/gmail/b5437329bc224b22aee2b81536826403/0"
    },
    {
      "text": "Thanks Brooke. Any risk this touches the CRM sync pipeline in a way that could slow it down or increase load?",
      "link": "https://www.onyx.app/demo_files/gmail/b5437329bc224b22aee2b81536826403/1"
    },
    {
      "text": "It shouldn\u2019t. The plan is to reuse existing synced fields and recompute coverage in the same service (no new sync work), with small indexed queries and cached lookups where we already have them. Telemetry will be sampled and async so it doesn\u2019t sit on the request path.\n\n\u2013 Brooke",
      "link": "https://www.onyx.app/demo_files/gmail/b5437329bc224b22aee2b81536826403/2"
    },
    {
      "text": "Perfect\u2014go ahead.",
      "link": "https://www.onyx.app/demo_files/gmail/b5437329bc224b22aee2b81536826403/3"
    }
  ],
  "primary_owners": [
    {
      "display_name": null,
      "first_name": "Brooke",
      "middle_initial": null,
      "last_name": "Spencer",
      "email": "brooke_spencer@netherite-extraction.onyx.app"
    },
    {
      "display_name": null,
      "first_name": "Javier",
      "middle_initial": null,
      "last_name": "Morales",
      "email": "javier_morales@netherite-extraction.onyx.app"
    }
  ],
  "secondary_owners": []
}