{
  "id": "64090a3da8c94271874c8fe99b0df7d4",
  "semantic_identifier": "Ticket 7815347: Persist manual cluster merge/split decisions across re-ingest",
  "title": null,
  "source": "gmail",
  "doc_updated_at": "2025-04-25",
  "metadata": {},
  "doc_metadata": null,
  "sections": [
    {
      "text": "Hi Isabella,\n\nI got ticket 7815347 and I\u2019m assigned to it. It\u2019s about making manual merge/split decisions in issue_clustering persist across re-ingest by adding a durable \u201ccuration override\u201d layer applied after automated clustering and before summaries/tags, plus a regression test that replays ingestion and asserts stable cluster IDs/membership/curation metadata.\n\nRough effort: ~2\u20133 days depending on how invasive the clustering pipeline changes are.\n\nThanks,\nKevin",
      "link": "https://www.onyx.app/demo_files/gmail/64090a3da8c94271874c8fe99b0df7d4/0"
    },
    {
      "text": "Thanks Kevin. Quick question: are you expecting any schema or migration changes to store the override layer, and if so will it require backfilling existing curated decisions?",
      "link": "https://www.onyx.app/demo_files/gmail/64090a3da8c94271874c8fe99b0df7d4/1"
    },
    {
      "text": "Yes\u2014likely a small schema addition for persisted overrides (merge groups + split rules) keyed by source conversation IDs and/or cluster lineage. I don\u2019t think we need a full backfill; we can start persisting new curation going forward, and for existing curated decisions we can rely on whatever is already stored today and migrate opportunistically if it\u2019s accessible.\n\nKevin",
      "link": "https://www.onyx.app/demo_files/gmail/64090a3da8c94271874c8fe99b0df7d4/2"
    }
  ],
  "primary_owners": [
    {
      "display_name": null,
      "first_name": "Kevin",
      "middle_initial": null,
      "last_name": "Sullivan",
      "email": "kevin_sullivan@netherite-extraction.onyx.app"
    },
    {
      "display_name": null,
      "first_name": "Isabella",
      "middle_initial": null,
      "last_name": "Torres",
      "email": "isabella_torres@netherite-extraction.onyx.app"
    }
  ],
  "secondary_owners": []
}