{
  "id": "4aeb5f222c8643359c613360b7122bc5",
  "semantic_identifier": "Ticket 3562038: Standardize issue theme frequency/severity inputs",
  "title": null,
  "source": "gmail",
  "doc_updated_at": "2025-05-01",
  "metadata": {},
  "doc_metadata": null,
  "sections": [
    {
      "text": "Hi Isabella,\n\nI\u2019ve been assigned ticket 3562038 (\u201cFix issue_prioritization input metrics\u201d). I\u2019ll standardize how we derive `frequency` (single counting rule per issue theme) and `severity` (single normalization + default) before sending to the scoring service, and add unit/integration coverage so changes in ingestion/deduping don\u2019t regress priority scores.\n\nRough estimate: ~2\u20133 days including tests, assuming no major schema surprises.\n\nThanks,\nJason",
      "link": "https://www.onyx.app/demo_files/gmail/4aeb5f222c8643359c613360b7122bc5/0"
    },
    {
      "text": "Thanks, Jason. Do you expect any coordination needed with the ingestion/deduping team or can you do this end-to-end within our service?",
      "link": "https://www.onyx.app/demo_files/gmail/4aeb5f222c8643359c613360b7122bc5/1"
    },
    {
      "text": "I can do most of it within our service, but I\u2019ll need a quick sync with the ingestion/deduping owner to confirm the canonical counting rule (conversations vs. unique customers) and where the severity default should live. I\u2019ll set that up and keep the change scoped to our metric derivation layer.\n\nJason",
      "link": "https://www.onyx.app/demo_files/gmail/4aeb5f222c8643359c613360b7122bc5/2"
    }
  ],
  "primary_owners": [
    {
      "display_name": null,
      "first_name": "Jason",
      "middle_initial": null,
      "last_name": "Morris",
      "email": "jason_morris@netherite-extraction.onyx.app"
    },
    {
      "display_name": null,
      "first_name": "Isabella",
      "middle_initial": null,
      "last_name": "Torres",
      "email": "isabella_torres@netherite-extraction.onyx.app"
    }
  ],
  "secondary_owners": []
}