{
  "id": "ae2d7722ef3e45dba47bd24e959ac5b9",
  "semantic_identifier": "Ticket 9499847 \u2014 Alignment check on Customer Analyzer v2 sync",
  "title": null,
  "source": "gmail",
  "doc_updated_at": "2025-11-18",
  "metadata": {},
  "doc_metadata": null,
  "sections": [
    {
      "text": "Hi Javier,\n\nI got ticket 9499847 assigned to me. It covers adding a backend alignment check during Sales Accelerator sync to verify segment definition ID + messaging version match the expected active values; if not, we\u2019ll persist an \u201calignment_failed\u201d status and emit a non-blocking warning to integration logs.\n\nRough effort: ~2\u20133 days including tests and wiring into the sync path.\n\nThanks,\nBrooke",
      "link": "https://www.onyx.app/demo_files/gmail/ae2d7722ef3e45dba47bd24e959ac5b9/0"
    },
    {
      "text": "Thanks Brooke. Any risk this impacts sync throughput or causes additional failures (beyond the warning/status update)?",
      "link": "https://www.onyx.app/demo_files/gmail/ae2d7722ef3e45dba47bd24e959ac5b9/1"
    },
    {
      "text": "Low risk. The check will be read-only lookups + a lightweight status update on mismatch; it won\u2019t block the sync or throw new hard failures. If the expected values service is unavailable, we can default to logging and skipping the alignment evaluation rather than failing the sync.\n\n-Brooke",
      "link": "https://www.onyx.app/demo_files/gmail/ae2d7722ef3e45dba47bd24e959ac5b9/2"
    }
  ],
  "primary_owners": [
    {
      "display_name": null,
      "first_name": "Brooke",
      "middle_initial": null,
      "last_name": "Spencer",
      "email": "brooke_spencer@netherite-extraction.onyx.app"
    },
    {
      "display_name": null,
      "first_name": "Javier",
      "middle_initial": null,
      "last_name": "Morales",
      "email": "javier_morales@netherite-extraction.onyx.app"
    }
  ],
  "secondary_owners": []
}