{
  "id": "3ece295c032c4d2cbf0427d14a44b081",
  "semantic_identifier": "Ticket 2002717 \u2014 CA stale/manual block analytics instrumentation",
  "title": null,
  "source": "gmail",
  "doc_updated_at": "2025-05-24",
  "metadata": {},
  "doc_metadata": null,
  "sections": [
    {
      "text": "Hi Javier,\n\nGot ticket 2002717 assigned to me. It\u2019s to instrument analytics for the stale Customer Analyzer positioning block flow (edited/pasted, staleness check result, warning shown, and kept vs replaced), including account/oppty IDs and canonical CA version/timestamp, plus staging validation + schema doc.\n\nRoughly 2\u20133 days of work depending on how much plumbing we need for the new events.\n\n-Tyler",
      "link": "https://www.onyx.app/demo_files/gmail/3ece295c032c4d2cbf0427d14a44b081/0"
    },
    {
      "text": "Thanks Tyler. Any risk this adds noticeable overhead to the staleness check or impacts page performance?",
      "link": "https://www.onyx.app/demo_files/gmail/3ece295c032c4d2cbf0427d14a44b081/1"
    },
    {
      "text": "It should be minimal\u2014events will be fire-and-forget and batched via the existing telemetry client, and we won\u2019t add any extra network calls in the staleness check path beyond what\u2019s already there. I\u2019ll keep the check synchronous logic unchanged and send telemetry asynchronously.\n\n-Tyler",
      "link": "https://www.onyx.app/demo_files/gmail/3ece295c032c4d2cbf0427d14a44b081/2"
    }
  ],
  "primary_owners": [
    {
      "display_name": null,
      "first_name": "Tyler",
      "middle_initial": null,
      "last_name": "Jenkins",
      "email": "tyler_jenkins@netherite-extraction.onyx.app"
    },
    {
      "display_name": null,
      "first_name": "Javier",
      "middle_initial": null,
      "last_name": "Morales",
      "email": "javier_morales@netherite-extraction.onyx.app"
    }
  ],
  "secondary_owners": []
}