{
  "id": "17f7711964ef4cdd81381dbbac1d5d22",
  "semantic_identifier": "Ticket 8973121: Messaging Library export data model + API contract",
  "title": null,
  "source": "gmail",
  "doc_updated_at": "2025-10-25",
  "metadata": {},
  "doc_metadata": null,
  "sections": [
    {
      "text": "Hi Isabella,\n\nI got ticket 8973121 assigned to me. I\u2019ll define the export data model and API contract for approved Messaging Library assets (value props, differentiators, proof points, objections), including required fields, identifiers for update vs. new exports, versioning, approval-state rules, auth method, and the endpoint/payload docs.\n\nRough effort: ~2\u20133 days to produce a reviewed spec, assuming we can confirm a couple integration requirements with PM.\n\nThanks,\nJason",
      "link": "https://www.onyx.app/demo_files/gmail/17f7711964ef4cdd81381dbbac1d5d22/0"
    },
    {
      "text": "Thanks, Jason.\n\nCan you share your expected delivery date for the spec and whether you need any input from other teams (e.g., Sales/MarTech) before it\u2019s reviewable?\n\n-Isabella",
      "link": "https://www.onyx.app/demo_files/gmail/17f7711964ef4cdd81381dbbac1d5d22/1"
    },
    {
      "text": "Delivery: I can have a draft spec by EOD Thursday and a review-ready version by EOD Friday.\n\nInputs: I\u2019ll need confirmation from PM on target external tools + auth expectations; otherwise no hard dependencies. If Sales/MarTech has specific identifier or sync requirements, I can incorporate them during review without blocking the initial draft.\n\n-Jason",
      "link": "https://www.onyx.app/demo_files/gmail/17f7711964ef4cdd81381dbbac1d5d22/2"
    }
  ],
  "primary_owners": [
    {
      "display_name": null,
      "first_name": "Jason",
      "middle_initial": null,
      "last_name": "Morris",
      "email": "jason_morris@netherite-extraction.onyx.app"
    },
    {
      "display_name": null,
      "first_name": "Isabella",
      "middle_initial": null,
      "last_name": "Torres",
      "email": "isabella_torres@netherite-extraction.onyx.app"
    }
  ],
  "secondary_owners": []
}