{
  "id": "d7adc99e1327418bbf434b1038d03a88",
  "semantic_identifier": "Ticket 5360232: Fix Jira/Linear link-out deep links + invalid ID handling",
  "title": null,
  "source": "gmail",
  "doc_updated_at": "2025-04-01",
  "metadata": {},
  "doc_metadata": null,
  "sections": [
    {
      "text": "Hi Javier,\n\nI got assigned ticket 5360232 (Fix Jira/Linear link-out). I\u2019ll update deep link generation to use the configured base URL/workspace slug per integration, and add validation for stored external IDs before rendering links. If an ID is missing/invalid, we\u2019ll show a \u201cNot linked\u201d state with a retry/reconnect action instead of emitting a bad URL.\n\nRough effort: ~1\u20132 days including tests and a quick manual verification in a couple workspaces.\n\n\u2014Andre",
      "link": "https://www.onyx.app/demo_files/gmail/d7adc99e1327418bbf434b1038d03a88/0"
    },
    {
      "text": "Thanks Andre. Any rollout risk here\u2014do we need a feature flag or can this go out normally?",
      "link": "https://www.onyx.app/demo_files/gmail/d7adc99e1327418bbf434b1038d03a88/1"
    },
    {
      "text": "It should be low risk since it\u2019s mostly link generation + UI state for invalid IDs. I don\u2019t think we need a flag; we can ship normally with good test coverage and a quick staging check against both Jira and Linear integrations.\n\n\u2014Andre",
      "link": "https://www.onyx.app/demo_files/gmail/d7adc99e1327418bbf434b1038d03a88/2"
    }
  ],
  "primary_owners": [
    {
      "display_name": null,
      "first_name": "Andre",
      "middle_initial": null,
      "last_name": "Robinson",
      "email": "andre_robinson@netherite-extraction.onyx.app"
    },
    {
      "display_name": null,
      "first_name": "Javier",
      "middle_initial": null,
      "last_name": "Morales",
      "email": "javier_morales@netherite-extraction.onyx.app"
    }
  ],
  "secondary_owners": []
}