{
  "id": "3be2674c520a440caf7ba21db677da16",
  "semantic_identifier": "Ticket 5176246: Tenant-level compliance configuration",
  "title": null,
  "source": "gmail",
  "doc_updated_at": "2025-12-02",
  "metadata": {},
  "doc_metadata": null,
  "sections": [
    {
      "text": "Hi Javier,\n\nI got ticket 5176246 assigned to me. It covers adding a tenant-level compliance settings object (AI generation on/off, allowed communications data sources/fields, regulated defaults), persisting it, exposing it via an internal admin endpoint, and enforcing it at runtime to hard-block disallowed generation/ingestion.\n\nRough effort: ~3\u20135 engineering days depending on how many ingestion/generation entry points need wiring.\n\n\u2014Andre",
      "link": "https://www.onyx.app/demo_files/gmail/3be2674c520a440caf7ba21db677da16/0"
    },
    {
      "text": "Thanks Andre. Any major risks or dependencies we should plan for (e.g., schema changes, rollout concerns)?",
      "link": "https://www.onyx.app/demo_files/gmail/3be2674c520a440caf7ba21db677da16/1"
    },
    {
      "text": "Main risks are missing an enforcement point (multiple ingestion/generation paths) and handling existing tenants/defaults cleanly. I\u2019ll mitigate by inventorying all call sites up front and shipping behind a default-safe config with a gradual rollout flag; schema change should be additive and low-risk.\n\n\u2014Andre",
      "link": "https://www.onyx.app/demo_files/gmail/3be2674c520a440caf7ba21db677da16/2"
    }
  ],
  "primary_owners": [
    {
      "display_name": null,
      "first_name": "Andre",
      "middle_initial": null,
      "last_name": "Robinson",
      "email": "andre_robinson@netherite-extraction.onyx.app"
    },
    {
      "display_name": null,
      "first_name": "Javier",
      "middle_initial": null,
      "last_name": "Morales",
      "email": "javier_morales@netherite-extraction.onyx.app"
    }
  ],
  "secondary_owners": []
}