{
  "id": "d8439b6567ec4380bd2e8aa704eba330",
  "semantic_identifier": "Ticket 2700239: Follow-up prompt refresh + de-dupe after CRM/contact changes",
  "title": null,
  "source": "gmail",
  "doc_updated_at": "2025-07-19",
  "metadata": {},
  "doc_metadata": null,
  "sections": [
    {
      "text": "Got ticket 2700239 assigned to me. I\u2019ll update the follow-up prompt service/UI so multi-threading prompts recompute/re-render on contact/CRM changes (sync/merge/role updates) and opportunity stage changes, and address stale/missing/duplicate prompts caused by cached eligibility. I\u2019ll also add lightweight instrumentation around refresh triggers and the prompt IDs rendered per account/opportunity. Rough effort: ~2\u20133 days including verification.",
      "link": "https://www.onyx.app/demo_files/gmail/d8439b6567ec4380bd2e8aa704eba330/0"
    },
    {
      "text": "Thanks Ryan. Any risk this touches shared caching logic that could impact other prompt surfaces, and do you need help coordinating a small rollout?",
      "link": "https://www.onyx.app/demo_files/gmail/d8439b6567ec4380bd2e8aa704eba330/1"
    },
    {
      "text": "Some risk: the eligibility cache is shared, but I\u2019m planning to scope changes to follow-up prompt keys/invalidation paths and keep other surfaces\u2019 cache behavior unchanged. For rollout, I\u2019d like to ship behind a feature flag and do a staged enable (internal -> 5% -> 25% -> 100%) while watching the new instrumentation; no extra coordination needed unless we want a specific customer cohort first.",
      "link": "https://www.onyx.app/demo_files/gmail/d8439b6567ec4380bd2e8aa704eba330/2"
    }
  ],
  "primary_owners": [
    {
      "display_name": null,
      "first_name": "Ryan",
      "middle_initial": null,
      "last_name": "Murphy",
      "email": "ryan_murphy@netherite-extraction.onyx.app"
    },
    {
      "display_name": null,
      "first_name": "Isabella",
      "middle_initial": null,
      "last_name": "Torres",
      "email": "isabella_torres@netherite-extraction.onyx.app"
    }
  ],
  "secondary_owners": []
}