{
  "id": "70dc427c396d4e0a9e81069dbc533648",
  "semantic_identifier": "Ticket 9892683 - Scoring config schema + persistence",
  "title": null,
  "source": "gmail",
  "doc_updated_at": "2025-04-06",
  "metadata": {},
  "doc_metadata": null,
  "sections": [
    {
      "text": "Hi Javier,\n\nI got ticket 9892683 assigned to me (Add scoring configuration schema + persistence for issue_prioritization MVP). I\u2019ll define a versioned scoring config model (weights for frequency/severity/ARR tier + optional normalization), add persistence, and implement CRUD/service methods to load the active config per workspace with sensible defaults. Roughly 2\u20133 days depending on migration/review time.\n\n-Brooke",
      "link": "https://www.onyx.app/demo_files/gmail/70dc427c396d4e0a9e81069dbc533648/0"
    },
    {
      "text": "Thanks Brooke. Any expected risks or dependencies I should be aware of (e.g., migration impact, API consumers)?",
      "link": "https://www.onyx.app/demo_files/gmail/70dc427c396d4e0a9e81069dbc533648/1"
    },
    {
      "text": "Main risks are around picking a stable versioning approach and ensuring defaults/backfill don\u2019t break existing workspaces. I\u2019ll keep it additive (new table/collection + endpoints) and gate any consumers behind the \u201cactive config\u201d loader, so migration impact should be minimal. No major dependencies beyond a quick pass from PM on the initial default weights.\n\n-Brooke",
      "link": "https://www.onyx.app/demo_files/gmail/70dc427c396d4e0a9e81069dbc533648/2"
    }
  ],
  "primary_owners": [
    {
      "display_name": null,
      "first_name": "Brooke",
      "middle_initial": null,
      "last_name": "Spencer",
      "email": "brooke_spencer@netherite-extraction.onyx.app"
    },
    {
      "display_name": null,
      "first_name": "Javier",
      "middle_initial": null,
      "last_name": "Morales",
      "email": "javier_morales@netherite-extraction.onyx.app"
    }
  ],
  "secondary_owners": []
}