{
  "id": "8da082a715fc4d11830a4f41c19062ee",
  "semantic_identifier": "Ticket 2254916: deal-dynamics gating/penalty in scoring pipeline",
  "title": null,
  "source": "gmail",
  "doc_updated_at": "2025-09-19",
  "metadata": {},
  "doc_metadata": null,
  "sections": [
    {
      "text": "Hi Javier,\n\nI got ticket 2254916 assigned to me (Introduce deal-dynamics gating/penalty to forecasting and best-next-action scoring). I\u2019ll update the scoring pipeline to apply a configurable penalty/cap when negative deal-dynamics signals are present, and ensure it\u2019s consistent across forecasting and BNA ranking outputs.\n\nRoughly 3\u20135 days effort including config, implementation, and validation.\n\n-Brooke",
      "link": "https://www.onyx.app/demo_files/gmail/8da082a715fc4d11830a4f41c19062ee/0"
    },
    {
      "text": "Thanks Brooke. Sounds good\u2014can you confirm whether this will require any backfill/re-scoring of existing forecasts, or is it forward-only?",
      "link": "https://www.onyx.app/demo_files/gmail/8da082a715fc4d11830a4f41c19062ee/1"
    },
    {
      "text": "It\u2019ll be forward-only by default (new pipeline runs). If Product wants historical forecasts/BNA recomputed, we\u2019d need a one-time backfill job; I can estimate that once we confirm the desired window.\n\n-Brooke",
      "link": "https://www.onyx.app/demo_files/gmail/8da082a715fc4d11830a4f41c19062ee/2"
    }
  ],
  "primary_owners": [
    {
      "display_name": null,
      "first_name": "Brooke",
      "middle_initial": null,
      "last_name": "Spencer",
      "email": "brooke_spencer@netherite-extraction.onyx.app"
    },
    {
      "display_name": null,
      "first_name": "Javier",
      "middle_initial": null,
      "last_name": "Morales",
      "email": "javier_morales@netherite-extraction.onyx.app"
    }
  ],
  "secondary_owners": []
}