{
  "id": "628f49b8805b4d6281d906012633e001",
  "semantic_identifier": "Ticket 1441743: Fit score drift monitoring + alerting",
  "title": null,
  "source": "gmail",
  "doc_updated_at": "2025-12-03",
  "metadata": {},
  "doc_metadata": null,
  "sections": [
    {
      "text": "Hi Javier,\n\nGot ticket 1441743 assigned to me. I\u2019ll implement drift monitoring for fit score outputs (distribution shift + a couple performance/calibration checks where we have labels), set thresholds, and wire alerts to Slack/email with links to model version/segment/time window. Also will log drift events for audit/retraining.\n\nRough effort: ~4\u20136 days depending on label availability and where we want to store the drift event records.\n\nThanks,\nJiwon",
      "link": "https://www.onyx.app/demo_files/gmail/628f49b8805b4d6281d906012633e001/0"
    },
    {
      "text": "Thanks Jiwon. What\u2019s your expected timeline, and do you need anything from DS/PM (e.g., threshold definitions or labeled outcome sources) to hit it?",
      "link": "https://www.onyx.app/demo_files/gmail/628f49b8805b4d6281d906012633e001/1"
    },
    {
      "text": "If we can confirm labeled outcome sources + initial thresholds by EOW, I can deliver an MVP (distribution shift + Slack alerting + event logging) mid next week, and add calibration/segment lift checks the following week. I\u2019ll sync with DS on label availability and propose default thresholds for PM sign-off.\n\nJiwon",
      "link": "https://www.onyx.app/demo_files/gmail/628f49b8805b4d6281d906012633e001/2"
    }
  ],
  "primary_owners": [
    {
      "display_name": null,
      "first_name": "Jiwon",
      "middle_initial": null,
      "last_name": "Kang",
      "email": "jiwon_kang@netherite-extraction.onyx.app"
    },
    {
      "display_name": null,
      "first_name": "Javier",
      "middle_initial": null,
      "last_name": "Morales",
      "email": "javier_morales@netherite-extraction.onyx.app"
    }
  ],
  "secondary_owners": []
}