{
  "id": "893f6b1159f54dfcb31717568d354829",
  "semantic_identifier": "Ticket 4089920: Scheduled sync pagination + checkpointing hardening",
  "title": null,
  "source": "gmail",
  "doc_updated_at": "2025-08-22",
  "metadata": {},
  "doc_metadata": null,
  "sections": [
    {
      "text": "Hi Isabella,\n\nI got ticket 4089920 assigned to me (harden scheduled sync pagination + checkpointing). I\u2019m planning to add per-connection persisted checkpoints (cursor/page + updated_at watermark) that only advance after a page is fully processed/committed, and ensure retries resume from the last committed checkpoint with idempotent upserts to prevent duplicates across CRM/Support/Product Analytics.\n\nRoughly 2\u20133 days of work plus some time for integration testing/replays.\n\nThanks,\nJason",
      "link": "https://www.onyx.app/demo_files/gmail/893f6b1159f54dfcb31717568d354829/0"
    },
    {
      "text": "Thanks, Jason. What\u2019s the main risk here\u2014any chance this changes existing cursor behavior or increases API load during retries?",
      "link": "https://www.onyx.app/demo_files/gmail/893f6b1159f54dfcb31717568d354829/1"
    },
    {
      "text": "Main risk is cursor semantics varying per integration; I\u2019ll keep existing pagination logic but persist/advance checkpoints only on successful commit to avoid changing steady-state behavior. Retry behavior may re-fetch the last committed page, but with idempotent upserts it should be safe; API load should be roughly unchanged except for occasional replays during transient failures.\n\nJason",
      "link": "https://www.onyx.app/demo_files/gmail/893f6b1159f54dfcb31717568d354829/2"
    }
  ],
  "primary_owners": [
    {
      "display_name": null,
      "first_name": "Jason",
      "middle_initial": null,
      "last_name": "Morris",
      "email": "jason_morris@netherite-extraction.onyx.app"
    },
    {
      "display_name": null,
      "first_name": "Isabella",
      "middle_initial": null,
      "last_name": "Torres",
      "email": "isabella_torres@netherite-extraction.onyx.app"
    }
  ],
  "secondary_owners": []
}