{
  "id": "a84610aa72ff41d49f3cee1ffd229270",
  "semantic_identifier": "Ticket 7413624: Configurable retention policies for customer signals",
  "title": null,
  "source": "gmail",
  "doc_updated_at": "2025-12-12",
  "metadata": {},
  "doc_metadata": null,
  "sections": [
    {
      "text": "Hi Javier,\n\nGot ticket 7413624 assigned to me. It\u2019s adding per-workspace retention settings so ingested customer signals auto-expire/delete after a configurable period, including cleanup in primary storage and search/index, with defaults that keep current behavior when unset. Also needs an admin-only config surface and auditing of config changes.\n\nRough estimate: ~1\u20132 weeks depending on how complex the backfill/cleanup jobs and search index deletions end up.\n\n-Andre",
      "link": "https://www.onyx.app/demo_files/gmail/a84610aa72ff41d49f3cee1ffd229270/0"
    },
    {
      "text": "Thanks Andre. What\u2019s your plan for rolling this out safely without accidentally deleting data for existing workspaces?",
      "link": "https://www.onyx.app/demo_files/gmail/a84610aa72ff41d49f3cee1ffd229270/1"
    },
    {
      "text": "Plan is to default retention to \u201cunset\u201d (infinite) so existing workspaces see no behavior change. We\u2019ll gate enabling retention behind an explicit admin-only update per workspace and add a dry-run/log-only mode in the deletion job for initial validation. We\u2019ll also audit all retention config changes and add guardrails (minimum retention, warnings in the API response) before allowing a shorter period.\n\n-Andre",
      "link": "https://www.onyx.app/demo_files/gmail/a84610aa72ff41d49f3cee1ffd229270/2"
    }
  ],
  "primary_owners": [
    {
      "display_name": null,
      "first_name": "Andre",
      "middle_initial": null,
      "last_name": "Robinson",
      "email": "andre_robinson@netherite-extraction.onyx.app"
    },
    {
      "display_name": null,
      "first_name": "Javier",
      "middle_initial": null,
      "last_name": "Morales",
      "email": "javier_morales@netherite-extraction.onyx.app"
    }
  ],
  "secondary_owners": []
}