{
  "id": "d27c78bbe4dd42f6ac1ce02e1a8f1a1b",
  "semantic_identifier": "Ticket 6883756: Messaging consistency audit job",
  "title": null,
  "source": "gmail",
  "doc_updated_at": "2025-12-30",
  "metadata": {},
  "doc_metadata": null,
  "sections": [
    {
      "text": "Hi Javier,\n\nI got ticket 6883756 assigned to me. I\u2019ll implement the backend job to compare current messaging assets (website copy, sales deck snippets, email templates) against the latest approved positioning per segment, compute a divergence score, store results over time, and expose flagged inconsistencies via an internal endpoint + logs.\n\nRough effort: ~3\u20135 days depending on how cleanly we can map assets to segment/positioning inputs.\n\n-Brooke",
      "link": "https://www.onyx.app/demo_files/gmail/d27c78bbe4dd42f6ac1ce02e1a8f1a1b/0"
    },
    {
      "text": "Thanks Brooke. Any dependencies or data access risks that could stretch the timeline?",
      "link": "https://www.onyx.app/demo_files/gmail/d27c78bbe4dd42f6ac1ce02e1a8f1a1b/1"
    },
    {
      "text": "Main dependency is getting reliable access to the \u201clatest approved positioning\u201d source of truth per segment, plus consistent identifiers to map each asset to a segment/channel. If those are already in the existing content store/config, we\u2019re fine; if not, we may need a small PM/content ops pass to define the mapping, which could add a couple days.\n\n-Brooke",
      "link": "https://www.onyx.app/demo_files/gmail/d27c78bbe4dd42f6ac1ce02e1a8f1a1b/2"
    }
  ],
  "primary_owners": [
    {
      "display_name": null,
      "first_name": "Brooke",
      "middle_initial": null,
      "last_name": "Spencer",
      "email": "brooke_spencer@netherite-extraction.onyx.app"
    },
    {
      "display_name": null,
      "first_name": "Javier",
      "middle_initial": null,
      "last_name": "Morales",
      "email": "javier_morales@netherite-extraction.onyx.app"
    }
  ],
  "secondary_owners": []
}