{
  "id": "099b58e1fbcd47c9af402ddca4da0fbd",
  "semantic_identifier": "Ticket 6855016: PII redaction in raw views and exports",
  "title": null,
  "source": "gmail",
  "doc_updated_at": "2025-10-19",
  "metadata": {},
  "doc_metadata": null,
  "sections": [
    {
      "text": "Hi Isabella,\n\nI got ticket 6855016 assigned to me. I\u2019ll implement a PII classification/redaction layer so raw customer signal views and export/download payloads mask sensitive fields by default, with a workspace permission (\u201cview sensitive data\u201d) to allow unredacted access per role. I\u2019ll also make sure the same redaction rules apply across the UI API responses and export endpoints, and add unit/integration tests for common PII patterns.\n\nRough effort: ~4\u20136 days including tests and validation that fit-score/positioning pipelines aren\u2019t impacted.\n\nThanks,\nJason",
      "link": "https://www.onyx.app/demo_files/gmail/099b58e1fbcd47c9af402ddca4da0fbd/0"
    },
    {
      "text": "Thanks, Jason.\n\nAny key risks or dependencies that could push that estimate?",
      "link": "https://www.onyx.app/demo_files/gmail/099b58e1fbcd47c9af402ddca4da0fbd/1"
    },
    {
      "text": "Main risks are edge-case PII detection (false positives/negatives in free-text) and ensuring we don\u2019t break any downstream consumers of the raw-signal API/export formats. I\u2019ll keep the redaction scoped to UI/export surfaces behind the permission check, and I\u2019ll validate with a small canary workspace before broader rollout. No major external dependencies expected.\n\n- Jason",
      "link": "https://www.onyx.app/demo_files/gmail/099b58e1fbcd47c9af402ddca4da0fbd/2"
    }
  ],
  "primary_owners": [
    {
      "display_name": null,
      "first_name": "Jason",
      "middle_initial": null,
      "last_name": "Morris",
      "email": "jason_morris@netherite-extraction.onyx.app"
    },
    {
      "display_name": null,
      "first_name": "Isabella",
      "middle_initial": null,
      "last_name": "Torres",
      "email": "isabella_torres@netherite-extraction.onyx.app"
    }
  ],
  "secondary_owners": []
}