{
  "id": "87aa665a69894f67b2d4ba3667daf21c",
  "semantic_identifier": "Ticket 7859546: Detect stale pasted positioning blocks vs Customer Analyzer",
  "title": null,
  "source": "gmail",
  "doc_updated_at": "2025-04-11",
  "metadata": {},
  "doc_metadata": null,
  "sections": [
    {
      "text": "Got ticket 7859546 assigned to me. I\u2019ll add a compare step when a user pastes/edits a positioning block to check against the latest Customer Analyzer block for the same account/opportunity, then surface a non-blocking warning with a one-click \u201cReplace with latest\u201d action. I\u2019ll also log an event with account/opportunity ID, detected version/timestamp, and whether they kept vs replaced. Roughly 2\u20133 days including UI + instrumentation and a bit of testing.",
      "link": "https://www.onyx.app/demo_files/gmail/87aa665a69894f67b2d4ba3667daf21c/0"
    },
    {
      "text": "Sounds good. Any dependencies or risks we should flag (e.g., access to the latest Customer Analyzer block/version metadata)?",
      "link": "https://www.onyx.app/demo_files/gmail/87aa665a69894f67b2d4ba3667daf21c/1"
    },
    {
      "text": "Main dependency is having a reliable \u201clatest\u201d identifier from Customer Analyzer (version/timestamp) and an API to fetch it by account/opportunity; if that\u2019s already exposed, low risk. If not, we may need a small backend addition and it could add ~1\u20132 days.",
      "link": "https://www.onyx.app/demo_files/gmail/87aa665a69894f67b2d4ba3667daf21c/2"
    }
  ],
  "primary_owners": [
    {
      "display_name": null,
      "first_name": "Andre",
      "middle_initial": null,
      "last_name": "Robinson",
      "email": "andre_robinson@netherite-extraction.onyx.app"
    },
    {
      "display_name": null,
      "first_name": "Javier",
      "middle_initial": null,
      "last_name": "Morales",
      "email": "javier_morales@netherite-extraction.onyx.app"
    }
  ],
  "secondary_owners": []
}