{
  "id": "9bb9e636fb234d46813a83bd746e5edf",
  "semantic_identifier": "Ticket 5768697: Jira/Linear sync status panel on Issue page",
  "title": null,
  "source": "gmail",
  "doc_updated_at": "2025-05-03",
  "metadata": {},
  "doc_metadata": null,
  "sections": [
    {
      "text": "Hi Javier,\n\nI got ticket 5768697 assigned to me. It\u2019s to add a sync status panel on the Issue page for linked Jira/Linear issues (external key/link, healthy/error state, last_synced_at + last_external_updated_at), plus actionable error messages and manual \u201cRefresh\u201d / \u201cPush update\u201d buttons that hit the existing sync endpoints.\n\nRough estimate: ~2\u20133 days including UI + wiring + basic test coverage, assuming the backend already exposes the fields/endpoints we need.\n\n\u2014Tyler",
      "link": "https://www.onyx.app/demo_files/gmail/9bb9e636fb234d46813a83bd746e5edf/0"
    },
    {
      "text": "Thanks Tyler. Any dependencies or risks you see that could push this past 3 days?",
      "link": "https://www.onyx.app/demo_files/gmail/9bb9e636fb234d46813a83bd746e5edf/1"
    },
    {
      "text": "Main risk is if we don\u2019t currently persist/expose last_external_updated_at (or detailed error reasons) via the issue object/API; that could require backend work and add ~1\u20132 days. Otherwise it\u2019s mostly frontend + wiring to existing sync endpoints. I\u2019ll confirm in the codebase today and flag if backend changes are needed.\n\n\u2014Tyler",
      "link": "https://www.onyx.app/demo_files/gmail/9bb9e636fb234d46813a83bd746e5edf/2"
    }
  ],
  "primary_owners": [
    {
      "display_name": null,
      "first_name": "Tyler",
      "middle_initial": null,
      "last_name": "Jenkins",
      "email": "tyler_jenkins@netherite-extraction.onyx.app"
    },
    {
      "display_name": null,
      "first_name": "Javier",
      "middle_initial": null,
      "last_name": "Morales",
      "email": "javier_morales@netherite-extraction.onyx.app"
    }
  ],
  "secondary_owners": []
}