{
  "id": "dce20916ef4945119b95b8ea1b70b64a",
  "semantic_identifier": "Ticket 6001666: CRM-embedded Guidance surface spec",
  "title": null,
  "source": "gmail",
  "doc_updated_at": "2025-04-30",
  "metadata": {},
  "doc_metadata": null,
  "sections": [
    {
      "text": "Hi Isabella,\n\nI got assigned to ticket 6001666 (\u201cDefine CRM-embedded Guidance surface\u201d). I\u2019ll draft the MVP in-CRM UI spec for viewing Sales Accelerator guidance inside Salesforce/HubSpot (entry points for Accounts/Opportunities, in-scope content blocks like best-next-action/risk alerts/fit snippets, copy actions), plus wireframe-level requirements and acceptance criteria to unblock implementation.\n\nI expect ~2\u20133 days of effort depending on how quickly we can confirm the preferred surface (sidebar vs record card vs extension) for each CRM.\n\nThanks,\nRyan",
      "link": "https://www.onyx.app/demo_files/gmail/dce20916ef4945119b95b8ea1b70b64a/0"
    },
    {
      "text": "Thanks Ryan. Before you start, do you need any PM/design input to lock down which surface we\u2019re targeting first for Salesforce vs HubSpot, or can you proceed with assumptions?",
      "link": "https://www.onyx.app/demo_files/gmail/dce20916ef4945119b95b8ea1b70b64a/1"
    },
    {
      "text": "I can proceed with assumptions for a first draft, but I\u2019ll need a quick PM/design confirmation on (1) primary surface per CRM (Salesforce record page card vs utility/sidebar; HubSpot sidebar vs card) and (2) the exact in-scope actions (e.g., \u201ccopy snippet,\u201d \u201cmark done,\u201d \u201copen in SA\u201d) so acceptance criteria is aligned. I\u2019ll write up options and tag you/PM for a same-day decision.\n\nRyan",
      "link": "https://www.onyx.app/demo_files/gmail/dce20916ef4945119b95b8ea1b70b64a/2"
    }
  ],
  "primary_owners": [
    {
      "display_name": null,
      "first_name": "Ryan",
      "middle_initial": null,
      "last_name": "Murphy",
      "email": "ryan_murphy@netherite-extraction.onyx.app"
    },
    {
      "display_name": null,
      "first_name": "Isabella",
      "middle_initial": null,
      "last_name": "Torres",
      "email": "isabella_torres@netherite-extraction.onyx.app"
    }
  ],
  "secondary_owners": []
}