{
  "id": "59ed31590aff4991a8e53b5a1996eb19",
  "semantic_identifier": "Ticket 8316727: positioning templates data model + API contract",
  "title": null,
  "source": "gmail",
  "doc_updated_at": "2025-04-04",
  "metadata": {},
  "doc_metadata": null,
  "sections": [
    {
      "text": "Hi Javier,\n\nI got ticket 8316727 assigned to me. It covers defining the backend data model for segment-scoped positioning templates (with versioning/audit fields + defaults) and implementing minimal CRUD endpoints to fetch/update a segment\u2019s template, plus documenting the payload schema for the UI.\n\nRough effort: ~2\u20133 days including migration, endpoints, and API docs.\n\nThanks,\nTyler",
      "link": "https://www.onyx.app/demo_files/gmail/59ed31590aff4991a8e53b5a1996eb19/0"
    },
    {
      "text": "Thanks Tyler. Any key dependencies or risks I should be aware of (e.g., auth/workspace access or schema questions from PM/UI)?\n\nJavier",
      "link": "https://www.onyx.app/demo_files/gmail/59ed31590aff4991a8e53b5a1996eb19/1"
    },
    {
      "text": "Main dependency is aligning on the exact template fields and default structure with PM/UI so the payload doesn\u2019t churn. On the backend side, auth should be straightforward since we can reuse existing workspace access checks; the only risk is making sure segment ownership/visibility rules are consistent.\n\nTyler",
      "link": "https://www.onyx.app/demo_files/gmail/59ed31590aff4991a8e53b5a1996eb19/2"
    }
  ],
  "primary_owners": [
    {
      "display_name": null,
      "first_name": "Tyler",
      "middle_initial": null,
      "last_name": "Jenkins",
      "email": "tyler_jenkins@netherite-extraction.onyx.app"
    },
    {
      "display_name": null,
      "first_name": "Javier",
      "middle_initial": null,
      "last_name": "Morales",
      "email": "javier_morales@netherite-extraction.onyx.app"
    }
  ],
  "secondary_owners": []
}