{
  "id": "2929c3a52ae442edba9df0c2cad3ac27",
  "semantic_identifier": "Ticket 6788484: Expose conflict metadata via API for segment positioning",
  "title": null,
  "source": "gmail",
  "doc_updated_at": "2025-07-13",
  "metadata": {},
  "doc_metadata": null,
  "sections": [
    {
      "text": "Hi Isabella,\n\nI got ticket 6788484 assigned to me. It\u2019s adding API support to return persisted recommendation conflict metadata (from GOLD-32) alongside positioning recommendations for one or more segments, with a stable response schema (conflicting segments, category/field, and conflicting statements), plus any pagination/filters the UI needs. Also need to ensure workspace scoping and add integration tests.\n\nRough estimate: ~3\u20135 days depending on how much schema/pagination work the UI requires.\n\nThanks,\nKevin",
      "link": "https://www.onyx.app/demo_files/gmail/2929c3a52ae442edba9df0c2cad3ac27/0"
    },
    {
      "text": "Thanks, Kevin.\n\nDo you expect any coordination needed with the GOLD-32 changes/owners, or is everything already persisted and just needs to be surfaced?",
      "link": "https://www.onyx.app/demo_files/gmail/2929c3a52ae442edba9df0c2cad3ac27/1"
    },
    {
      "text": "Everything should already be persisted from GOLD-32; this work is primarily surfacing it via the positioning recommendations endpoint and shaping the response. I may do a quick sync with the GOLD-32 owner to confirm the persisted fields and any edge cases, but I don\u2019t anticipate dependencies.\n\nKevin",
      "link": "https://www.onyx.app/demo_files/gmail/2929c3a52ae442edba9df0c2cad3ac27/2"
    }
  ],
  "primary_owners": [
    {
      "display_name": null,
      "first_name": "Kevin",
      "middle_initial": null,
      "last_name": "Sullivan",
      "email": "kevin_sullivan@netherite-extraction.onyx.app"
    },
    {
      "display_name": null,
      "first_name": "Isabella",
      "middle_initial": null,
      "last_name": "Torres",
      "email": "isabella_torres@netherite-extraction.onyx.app"
    }
  ],
  "secondary_owners": []
}