{
  "id": "03ba5c64727c40dcb5b3a59fc18ae5ad",
  "semantic_identifier": "Ticket 8672333: CRM field mapping auto-discovery during setup",
  "title": null,
  "source": "gmail",
  "doc_updated_at": "2025-05-04",
  "metadata": {},
  "doc_metadata": null,
  "sections": [
    {
      "text": "Got ticket 8672333 assigned to me. I\u2019ll implement the onboarding step to auto-discover common CRM fields (stage, close date, amount, owner, last activity) and suggest default mappings to our canonical schema, with confidence indicators and quick accept/edit before saving. Rough estimate: ~4\u20136 days including UI + backend detection, plus a bit of time for QA and edge cases.",
      "link": "https://www.onyx.app/demo_files/gmail/03ba5c64727c40dcb5b3a59fc18ae5ad/0"
    },
    {
      "text": "Sounds good. Any notable dependencies or risks we should track before you start?",
      "link": "https://www.onyx.app/demo_files/gmail/03ba5c64727c40dcb5b3a59fc18ae5ad/1"
    },
    {
      "text": "Main dependencies are CRM metadata/field list APIs and having a stable canonical schema list for suggestions. Risks are field naming variability and custom fields causing low-confidence matches; I\u2019ll mitigate with heuristics + allow easy edit/override and log unmapped fields for follow-up.",
      "link": "https://www.onyx.app/demo_files/gmail/03ba5c64727c40dcb5b3a59fc18ae5ad/2"
    },
    {
      "text": "Great\u2014please keep me posted if the API limitations or heuristics start to push the estimate.",
      "link": "https://www.onyx.app/demo_files/gmail/03ba5c64727c40dcb5b3a59fc18ae5ad/3"
    }
  ],
  "primary_owners": [
    {
      "display_name": null,
      "first_name": "Jiwon",
      "middle_initial": null,
      "last_name": "Kang",
      "email": "jiwon_kang@netherite-extraction.onyx.app"
    },
    {
      "display_name": null,
      "first_name": "Javier",
      "middle_initial": null,
      "last_name": "Morales",
      "email": "javier_morales@netherite-extraction.onyx.app"
    }
  ],
  "secondary_owners": []
}