{
  "id": "f4173138f8134b4f81b8bd4b02a33c58",
  "semantic_identifier": "Ticket 7164567 - MAP template loading/apply fix",
  "title": null,
  "source": "gmail",
  "doc_updated_at": "2025-08-22",
  "metadata": {},
  "doc_metadata": null,
  "sections": [
    {
      "text": "Hi Javier,\n\nI got ticket 7164567 assigned to me (MAP templates not loading/applying reliably). I\u2019ll focus on making the template list fetch consistent for the selected account/opportunity and ensuring apply doesn\u2019t drop/duplicate steps (including after CRM sync or stage changes). I\u2019m estimating ~2\u20133 days including adding lightweight instrumentation around fetch/apply + MAP creation to validate in prod.\n\n-Jiwon",
      "link": "https://www.onyx.app/demo_files/gmail/f4173138f8134b4f81b8bd4b02a33c58/0"
    },
    {
      "text": "Thanks Jiwon\u2014what\u2019s the main risk/unknown that could push this past 3 days?",
      "link": "https://www.onyx.app/demo_files/gmail/f4173138f8134b4f81b8bd4b02a33c58/1"
    },
    {
      "text": "Biggest unknown is reproducing the flaky cases tied to CRM sync + opportunity stage transitions (timing/race conditions). If we can\u2019t reproduce locally, I may need to add temporary logging/metrics first and validate via staging/prod behavior, which could add ~1\u20132 days.\n\n-Jiwon",
      "link": "https://www.onyx.app/demo_files/gmail/f4173138f8134b4f81b8bd4b02a33c58/2"
    }
  ],
  "primary_owners": [
    {
      "display_name": null,
      "first_name": "Jiwon",
      "middle_initial": null,
      "last_name": "Kang",
      "email": "jiwon_kang@netherite-extraction.onyx.app"
    },
    {
      "display_name": null,
      "first_name": "Javier",
      "middle_initial": null,
      "last_name": "Morales",
      "email": "javier_morales@netherite-extraction.onyx.app"
    }
  ],
  "secondary_owners": []
}