{
  "id": "259b52cbe22f4325bffa9b7c6e10fecf",
  "semantic_identifier": "Ticket 7799875 \u2014 Compliance presets + admin UI",
  "title": null,
  "source": "gmail",
  "doc_updated_at": "2025-12-31",
  "metadata": {},
  "doc_metadata": null,
  "sections": [
    {
      "text": "Got ticket 7799875 assigned to me. I\u2019ll implement the in-app admin UI in Sales Accelerator for the tenant-level compliance toggles from GOLD-131 (with clear \u201cwhat this blocks\u201d descriptions), add one-click presets for common regulated setups, and ensure client/server validation plus a \u201cwhy blocked\u201d message when generation/ingestion is disabled. Rough effort: ~4\u20136 days depending on how much wiring we need to do to the existing settings APIs.",
      "link": "https://www.onyx.app/demo_files/gmail/259b52cbe22f4325bffa9b7c6e10fecf/0"
    },
    {
      "text": "Thanks. Any dependencies or backend changes needed from the team that owns GOLD-131, or is everything already exposed via API?",
      "link": "https://www.onyx.app/demo_files/gmail/259b52cbe22f4325bffa9b7c6e10fecf/1"
    },
    {
      "text": "I\u2019ll need to confirm the existing endpoints return the full set of toggles + reason codes. If they\u2019re already exposed, no backend changes; if not, I\u2019ll file a small follow-up for the missing fields/reason strings. I\u2019ll sync with the GOLD-131 owner today and report back if anything is blocking.",
      "link": "https://www.onyx.app/demo_files/gmail/259b52cbe22f4325bffa9b7c6e10fecf/2"
    },
    {
      "text": "Sounds good\u2014keep me posted if the API surface isn\u2019t complete and you need to escalate.",
      "link": "https://www.onyx.app/demo_files/gmail/259b52cbe22f4325bffa9b7c6e10fecf/3"
    }
  ],
  "primary_owners": [
    {
      "display_name": null,
      "first_name": "Tyler",
      "middle_initial": null,
      "last_name": "Jenkins",
      "email": "tyler_jenkins@netherite-extraction.onyx.app"
    },
    {
      "display_name": null,
      "first_name": "Javier",
      "middle_initial": null,
      "last_name": "Morales",
      "email": "javier_morales@netherite-extraction.onyx.app"
    }
  ],
  "secondary_owners": []
}