{
  "id": "579008a22a5648748d5b4f925dfd8da8",
  "semantic_identifier": "Ticket 7509857 - /alerts/v3 read API for alert details",
  "title": null,
  "source": "gmail",
  "doc_updated_at": "2025-11-23",
  "metadata": {},
  "doc_metadata": null,
  "sections": [
    {
      "text": "Hi Isabella,\n\nI\u2019ve been assigned ticket 7509857 (Warning alerts v3). I\u2019ll implement the versioned /alerts/v3 read endpoint to return the composed alert payload (risk score, ranked drivers w/ evidence, and interventions w/ rationale) behind the existing feature flag, with a stable schema + pagination/filtering and consistent null handling across Salesforce/HubSpot. I\u2019ll also add integration tests for deterministic ordering and schema compatibility.\n\nRough effort: ~3\u20135 days depending on how much normalization we need between the SFDC/HubSpot models.\n\nThanks,\nRyan",
      "link": "https://www.onyx.app/demo_files/gmail/579008a22a5648748d5b4f925dfd8da8/0"
    },
    {
      "text": "Thanks Ryan. Any expected dependency or risk that could push this past the 5-day mark (e.g., upstream data availability or schema alignment with UI)?",
      "link": "https://www.onyx.app/demo_files/gmail/579008a22a5648748d5b4f925dfd8da8/1"
    },
    {
      "text": "Biggest risk is schema alignment with the downstream UI expectations (especially null/missing-field handling and deterministic ordering), plus any inconsistencies between SFDC vs HubSpot fields for drivers/interventions. If we can confirm the expected response schema with PM/UI early and reuse existing feature-flagged composition logic, it should stay within 5 days.\n\nRyan",
      "link": "https://www.onyx.app/demo_files/gmail/579008a22a5648748d5b4f925dfd8da8/2"
    },
    {
      "text": "Sounds good\u2014please sync on the schema early and keep me posted if you hit any integration issues.",
      "link": "https://www.onyx.app/demo_files/gmail/579008a22a5648748d5b4f925dfd8da8/3"
    }
  ],
  "primary_owners": [
    {
      "display_name": null,
      "first_name": "Ryan",
      "middle_initial": null,
      "last_name": "Murphy",
      "email": "ryan_murphy@netherite-extraction.onyx.app"
    },
    {
      "display_name": null,
      "first_name": "Isabella",
      "middle_initial": null,
      "last_name": "Torres",
      "email": "isabella_torres@netherite-extraction.onyx.app"
    }
  ],
  "secondary_owners": []
}