{
  "id": "c1b04f55f1864258b265fc2806b729aa",
  "semantic_identifier": "Ticket 1857165 \u2014 Success Metric context in Fit Score outputs",
  "title": null,
  "source": "gmail",
  "doc_updated_at": "2025-09-23",
  "metadata": {},
  "doc_metadata": null,
  "sections": [
    {
      "text": "Got ticket 1857165 assigned to me. I\u2019ll update the Fit Score read paths so the API plus CSV/PDF exports/share links always include the configured Success Metric definition (and weights when applicable) alongside the score, and add a fallback message for legacy model versions missing a definition. Rough estimate: ~2\u20133 days including wiring, export templates, and validation across dashboards/reporting views.",
      "link": "https://www.onyx.app/demo_files/gmail/c1b04f55f1864258b265fc2806b729aa/0"
    },
    {
      "text": "Thanks Jiwon. Any downstream consumers you\u2019re most worried about breaking, and do we need a feature flag for the rollout?",
      "link": "https://www.onyx.app/demo_files/gmail/c1b04f55f1864258b265fc2806b729aa/1"
    },
    {
      "text": "Main risk is integrations that parse the existing payload/export columns strictly (e.g., expecting exact column counts/order). I can add the Success Metric as additive fields/columns (no renames) to avoid breaking changes; for exports we\u2019ll append columns at the end. I don\u2019t think we need a feature flag if we keep it additive, but I\u2019ll run it behind a server-side config toggle if you\u2019d prefer a safer staged rollout.",
      "link": "https://www.onyx.app/demo_files/gmail/c1b04f55f1864258b265fc2806b729aa/2"
    },
    {
      "text": "Let\u2019s do it additive and keep a config toggle available in case we need to stage it. Proceed.",
      "link": "https://www.onyx.app/demo_files/gmail/c1b04f55f1864258b265fc2806b729aa/3"
    }
  ],
  "primary_owners": [
    {
      "display_name": null,
      "first_name": "Jiwon",
      "middle_initial": null,
      "last_name": "Kang",
      "email": "jiwon_kang@netherite-extraction.onyx.app"
    },
    {
      "display_name": null,
      "first_name": "Javier",
      "middle_initial": null,
      "last_name": "Morales",
      "email": "javier_morales@netherite-extraction.onyx.app"
    }
  ],
  "secondary_owners": []
}