{
  "id": "c87e52d62c7d48d4b48c7d7b1044143d",
  "semantic_identifier": "Ticket 6870834: Status normalization service (canonical status mapping)",
  "title": null,
  "source": "gmail",
  "doc_updated_at": "2025-12-28",
  "metadata": {},
  "doc_metadata": null,
  "sections": [
    {
      "text": "Hi Javier,\n\nI\u2019ve been assigned ticket 6870834 (Implement status normalization service using canonical status mapping). I\u2019ll build a shared normalization module based on the GOLD-197 mapping, wire it into ingest/update and outbound payloads, persist only canonical status + original external status metadata, and add fallback handling + structured logs for unknown/deprecated statuses.\n\nInitial estimate: ~2\u20133 days for implementation + tests, assuming the GOLD-197 table is stable.\n\nThanks,\nAndre",
      "link": "https://www.onyx.app/demo_files/gmail/c87e52d62c7d48d4b48c7d7b1044143d/0"
    },
    {
      "text": "Thanks, Andre.\n\nDo you see any dependency or rollout risk with applying this to both ingestion and outbound payloads at once?",
      "link": "https://www.onyx.app/demo_files/gmail/c87e52d62c7d48d4b48c7d7b1044143d/1"
    },
    {
      "text": "Main risks are (1) breaking changes if downstream consumers rely on raw external statuses, and (2) incomplete mappings causing unexpected fallbacks.\n\nMitigation: ship behind a feature flag, run dual-write/compare for a short window (canonical + existing behavior for outbound), and monitor structured logs + metrics on fallback rates before fully switching.\n\n-Andre",
      "link": "https://www.onyx.app/demo_files/gmail/c87e52d62c7d48d4b48c7d7b1044143d/2"
    },
    {
      "text": "Sounds good\u2014please proceed with the flag + monitoring plan and keep me posted if fallback rates look high.",
      "link": "https://www.onyx.app/demo_files/gmail/c87e52d62c7d48d4b48c7d7b1044143d/3"
    }
  ],
  "primary_owners": [
    {
      "display_name": null,
      "first_name": "Andre",
      "middle_initial": null,
      "last_name": "Robinson",
      "email": "andre_robinson@netherite-extraction.onyx.app"
    },
    {
      "display_name": null,
      "first_name": "Javier",
      "middle_initial": null,
      "last_name": "Morales",
      "email": "javier_morales@netherite-extraction.onyx.app"
    }
  ],
  "secondary_owners": []
}