{
  "id": "a0d1f0f2e2e14ab9886e289770d16804",
  "semantic_identifier": "Ticket 2822966 \u2014 Deduplicate and rate-limit warning_alerts notifications",
  "title": null,
  "source": "gmail",
  "doc_updated_at": "2025-04-19",
  "metadata": {},
  "doc_metadata": null,
  "sections": [
    {
      "text": "Hi Isabella,\n\nI got ticket 2822966 assigned to me. I\u2019m going to add an idempotency key + persistence (per {object_id, alert_type, threshold_state} with a TTL/cooldown) so warning_alerts don\u2019t repeatedly notify across successive sync runs, and make sure dedupe is consistent across email + Slack. I\u2019ll also add a couple tests for duplicate run and \u201cclear then re-trigger.\u201d\n\nRough effort: ~2\u20133 days including tests and rollout.\n\nThanks,\nKevin",
      "link": "https://www.onyx.app/demo_files/gmail/a0d1f0f2e2e14ab9886e289770d16804/0"
    },
    {
      "text": "Thanks Kevin. Any risk of this suppressing legitimate alerts if the state flaps or if Slack/email have different timing?",
      "link": "https://www.onyx.app/demo_files/gmail/a0d1f0f2e2e14ab9886e289770d16804/1"
    },
    {
      "text": "Good call. I\u2019ll key off the underlying alert state (threshold_state) rather than the channel, and persist a single record used by both Slack and email. The TTL will only throttle repeats while the state is unchanged; if it clears and re-triggers, it will send immediately. For flapping, we\u2019ll still send on each clear->trigger transition, but we won\u2019t spam on repeated sync runs while it\u2019s continuously triggered.\n\nKevin",
      "link": "https://www.onyx.app/demo_files/gmail/a0d1f0f2e2e14ab9886e289770d16804/2"
    }
  ],
  "primary_owners": [
    {
      "display_name": null,
      "first_name": "Kevin",
      "middle_initial": null,
      "last_name": "Sullivan",
      "email": "kevin_sullivan@netherite-extraction.onyx.app"
    },
    {
      "display_name": null,
      "first_name": "Isabella",
      "middle_initial": null,
      "last_name": "Torres",
      "email": "isabella_torres@netherite-extraction.onyx.app"
    }
  ],
  "secondary_owners": []
}