{
  "id": "9ad125ee38ec48169d8c3467591e5fd4",
  "semantic_identifier": "Ticket 8668370: Sales Accelerator v2 deal-risk ingestion wiring",
  "title": null,
  "source": "gmail",
  "doc_updated_at": "2026-01-01",
  "metadata": {},
  "doc_metadata": null,
  "sections": [
    {
      "text": "Hi Javier,\n\nI got ticket 8668370 assigned to me. It\u2019s the initial integration to ingest deal-risk signals from Sales Accelerator v2 and attach them to the right Issue Tracker issue objects via stable identifiers (account/customer + related conversations). I\u2019ll persist normalized fields (risk score, impacted deal IDs, stage, ARR) on the issue context record and add basic validation/logging for missing/ambiguous mappings\u2014no prioritization logic changes yet.\n\nRough effort: ~2\u20133 days engineering time, assuming identifiers/mapping data is available and consistent.\n\nThanks,\nBrooke",
      "link": "https://www.onyx.app/demo_files/gmail/9ad125ee38ec48169d8c3467591e5fd4/0"
    },
    {
      "text": "Thanks Brooke. What\u2019s the main dependency or risk that could push this past 3 days?",
      "link": "https://www.onyx.app/demo_files/gmail/9ad125ee38ec48169d8c3467591e5fd4/1"
    },
    {
      "text": "Main risk is mapping ambiguity: if we don\u2019t have a reliable join key between Sales Accelerator conversations and Issue Tracker issues (or if account/customer IDs aren\u2019t stable), we may need extra time to coordinate on identifier strategy and handle edge cases. Otherwise it should stay within 2\u20133 days.\n\nBrooke",
      "link": "https://www.onyx.app/demo_files/gmail/9ad125ee38ec48169d8c3467591e5fd4/2"
    }
  ],
  "primary_owners": [
    {
      "display_name": null,
      "first_name": "Brooke",
      "middle_initial": null,
      "last_name": "Spencer",
      "email": "brooke_spencer@netherite-extraction.onyx.app"
    },
    {
      "display_name": null,
      "first_name": "Javier",
      "middle_initial": null,
      "last_name": "Morales",
      "email": "javier_morales@netherite-extraction.onyx.app"
    }
  ],
  "secondary_owners": []
}