{
  "id": "0d23c7c237d54c2eb15f530d8f91cdfa",
  "semantic_identifier": "Ticket 4284236 \u2014 RBAC for generated content + governance settings",
  "title": null,
  "source": "gmail",
  "doc_updated_at": "2025-12-13",
  "metadata": {},
  "doc_metadata": null,
  "sections": [
    {
      "text": "Got ticket 4284236 assigned to me. I\u2019ll add RBAC checks around viewing/generating/editing/exporting AI-generated content and access to governance settings in Sales Accelerator, aligned to SDR/AE, Manager, and Sales Ops/Admin with default-deny for new endpoints. I\u2019m estimating ~3\u20134 days including backend auth updates, UI hiding/blocking, and error messaging.",
      "link": "https://www.onyx.app/demo_files/gmail/0d23c7c237d54c2eb15f530d8f91cdfa/0"
    },
    {
      "text": "Sounds good. Any dependencies or coordination needed with Sales Ops/Admin or the UI team?",
      "link": "https://www.onyx.app/demo_files/gmail/0d23c7c237d54c2eb15f530d8f91cdfa/1"
    },
    {
      "text": "Main dependency is confirming the initial role/permission matrix with PM/Sales Ops/Admin so we don\u2019t guess on edge cases. For UI, I can implement the affordances, but I may need a quick review from the design/UI owner once the states (hidden vs blocked) are wired up.",
      "link": "https://www.onyx.app/demo_files/gmail/0d23c7c237d54c2eb15f530d8f91cdfa/2"
    },
    {
      "text": "Thanks\u2014please pull Sales Ops in early to lock the matrix and keep me posted if the UI review causes any churn.",
      "link": "https://www.onyx.app/demo_files/gmail/0d23c7c237d54c2eb15f530d8f91cdfa/3"
    }
  ],
  "primary_owners": [
    {
      "display_name": null,
      "first_name": "Jiwon",
      "middle_initial": null,
      "last_name": "Kang",
      "email": "jiwon_kang@netherite-extraction.onyx.app"
    },
    {
      "display_name": null,
      "first_name": "Javier",
      "middle_initial": null,
      "last_name": "Morales",
      "email": "javier_morales@netherite-extraction.onyx.app"
    }
  ],
  "secondary_owners": []
}