{
  "id": "3f4f0e37875a42f3a14e4baac47b70f8",
  "semantic_identifier": "Ticket 5549024: Retention enforcement for AI-generated content",
  "title": null,
  "source": "gmail",
  "doc_updated_at": "2025-11-16",
  "metadata": {},
  "doc_metadata": null,
  "sections": [
    {
      "text": "Hi Isabella,\n\nI got ticket 5549024 and it\u2019s assigned to me. I\u2019ll implement backend retention enforcement for AI-generated artifacts (emails/call notes/NBA recs) plus their audit records, with per-tenant retention periods and a scheduled cleanup job (hard-delete vs anonymize) that preserves referential integrity and blocks API/UI access once expired. Also planning to expose admin-facing retention/expiry metadata.\n\nRough estimate: ~5\u20137 engineering days including tests and a safe rollout plan.\n\n\u2013 Kevin",
      "link": "https://www.onyx.app/demo_files/gmail/3f4f0e37875a42f3a14e4baac47b70f8/0"
    },
    {
      "text": "Thanks Kevin. Quick question: do you see any risk of the cleanup job impacting production DB performance, and if so what\u2019s your plan to mitigate?",
      "link": "https://www.onyx.app/demo_files/gmail/3f4f0e37875a42f3a14e4baac47b70f8/1"
    },
    {
      "text": "Yes\u2014large deletes/anonymizations can cause IO spikes/locks if done naively. I\u2019ll mitigate by batching with rate limits, using indexed queries on expiry fields, running during off-peak with a controlled schedule, and instrumenting job duration/rows processed (with an emergency kill switch). I\u2019ll also prefer soft-queue + worker batches if we see contention in staging.\n\n\u2013 Kevin",
      "link": "https://www.onyx.app/demo_files/gmail/3f4f0e37875a42f3a14e4baac47b70f8/2"
    }
  ],
  "primary_owners": [
    {
      "display_name": null,
      "first_name": "Kevin",
      "middle_initial": null,
      "last_name": "Sullivan",
      "email": "kevin_sullivan@netherite-extraction.onyx.app"
    },
    {
      "display_name": null,
      "first_name": "Isabella",
      "middle_initial": null,
      "last_name": "Torres",
      "email": "isabella_torres@netherite-extraction.onyx.app"
    }
  ],
  "secondary_owners": []
}