{
  "id": "a3eb17243b7846028ec3fb42c6994375",
  "semantic_identifier": "Ticket 1226666: Simple Mode backend defaults + state management",
  "title": null,
  "source": "gmail",
  "doc_updated_at": "2025-10-22",
  "metadata": {},
  "doc_metadata": null,
  "sections": [
    {
      "text": "Hi Javier,\n\nI got ticket 1226666 assigned to me. It\u2019s the backend/default-config and state management for a new \u201cSimple Mode\u201d onboarding path: preselect a minimal recommended set of alerts/templates/models, auto-enable core Sales Accelerator workflows (forecasting, next-best-action, risk alerts) using Customer Analyzer fit/positioning inputs, and allow switching to Advanced later. No UI work in this ticket.\n\nRough estimate: ~3\u20135 days including config schema updates, migration/defaulting logic, and tests.\n\nAndre",
      "link": "https://www.onyx.app/demo_files/gmail/a3eb17243b7846028ec3fb42c6994375/0"
    },
    {
      "text": "Thanks Andre. Can you confirm whether this requires any data migration for existing tenants, or is it only applied on first run/new orgs?",
      "link": "https://www.onyx.app/demo_files/gmail/a3eb17243b7846028ec3fb42c6994375/1"
    },
    {
      "text": "It\u2019s primarily for first run/new orgs. For existing tenants, I\u2019m planning to keep behavior unchanged unless they explicitly switch to Simple Mode later (then we\u2019d write the minimal defaults into their config at that time). No automatic migration for existing tenants.\n\nAndre",
      "link": "https://www.onyx.app/demo_files/gmail/a3eb17243b7846028ec3fb42c6994375/2"
    }
  ],
  "primary_owners": [
    {
      "display_name": null,
      "first_name": "Andre",
      "middle_initial": null,
      "last_name": "Robinson",
      "email": "andre_robinson@netherite-extraction.onyx.app"
    },
    {
      "display_name": null,
      "first_name": "Javier",
      "middle_initial": null,
      "last_name": "Morales",
      "email": "javier_morales@netherite-extraction.onyx.app"
    }
  ],
  "secondary_owners": []
}