{
  "id": "d1f855aa258f479c9d5e13eb42bb3385",
  "semantic_identifier": "Ticket 3973211: Customer Analyzer positioning block API + version metadata",
  "title": null,
  "source": "gmail",
  "doc_updated_at": "2025-05-03",
  "metadata": {},
  "doc_metadata": null,
  "sections": [
    {
      "text": "Hi Javier,\n\nI got ticket 3973211 assigned to me. I\u2019ll add a Sales Accelerator backend endpoint that takes an account/opportunity ID and returns the latest canonical Customer Analyzer positioning block plus a stable version/identifier and last-updated timestamp, with brief caching and error handling for missing/unauthorized CA data.\n\nRoughly 2\u20133 days of work including wiring, tests, and edge cases.\n\nThanks,\nAndre",
      "link": "https://www.onyx.app/demo_files/gmail/d1f855aa258f479c9d5e13eb42bb3385/0"
    },
    {
      "text": "Thanks Andre\u2014sounds good. Any dependencies or cross-team coordination needed with Customer Analyzer, or can we do this fully within Sales Accelerator?",
      "link": "https://www.onyx.app/demo_files/gmail/d1f855aa258f479c9d5e13eb42bb3385/1"
    },
    {
      "text": "We\u2019ll need to confirm the CA API contract/fields for version + last-updated and the auth/permission behavior (likely a quick check-in with the CA team), but the endpoint + caching/error handling can be implemented within Sales Accelerator once that\u2019s verified.\n\nAndre",
      "link": "https://www.onyx.app/demo_files/gmail/d1f855aa258f479c9d5e13eb42bb3385/2"
    }
  ],
  "primary_owners": [
    {
      "display_name": null,
      "first_name": "Andre",
      "middle_initial": null,
      "last_name": "Robinson",
      "email": "andre_robinson@netherite-extraction.onyx.app"
    },
    {
      "display_name": null,
      "first_name": "Javier",
      "middle_initial": null,
      "last_name": "Morales",
      "email": "javier_morales@netherite-extraction.onyx.app"
    }
  ],
  "secondary_owners": []
}