{
  "id": "69935cdc36a54243a464901cb0e0da4d",
  "semantic_identifier": "Ticket 3750802: Guardrails for Jira auto-routing/auto-creation",
  "title": null,
  "source": "gmail",
  "doc_updated_at": "2025-10-20",
  "metadata": {},
  "doc_metadata": null,
  "sections": [
    {
      "text": "Hi Isabella,\n\nI got ticket 3750802 assigned to me. It\u2019s adding backend guardrails for Jira auto-routing/auto-creation: per-workspace rate limits plus strict idempotency keys so retries/webhook replays/dedupe updates can\u2019t create duplicate Jira issues or re-route repeatedly. Also logging + surfacing blocked attempts with reason codes.\n\nRough effort: ~2\u20133 days dev + 1 day testing/rollout, depending on how much wiring we need in the existing Jira integration.\n\nThanks,\nKevin",
      "link": "https://www.onyx.app/demo_files/gmail/69935cdc36a54243a464901cb0e0da4d/0"
    },
    {
      "text": "Thanks Kevin\u2014makes sense.\n\nAny rollout risks or coordination needed with PM/support given this will start blocking some requests?",
      "link": "https://www.onyx.app/demo_files/gmail/69935cdc36a54243a464901cb0e0da4d/1"
    },
    {
      "text": "Main risk is false positives (legit bursts) getting rate-limited, which could delay some Jira creation/reroutes. I\u2019ll implement conservative limits first, add clear reason codes/metrics, and roll out behind a feature flag per workspace so we can tune quickly. I\u2019ll loop in PM/support with the reason code list and what to tell customers if something gets blocked.\n\nKevin",
      "link": "https://www.onyx.app/demo_files/gmail/69935cdc36a54243a464901cb0e0da4d/2"
    }
  ],
  "primary_owners": [
    {
      "display_name": null,
      "first_name": "Kevin",
      "middle_initial": null,
      "last_name": "Sullivan",
      "email": "kevin_sullivan@netherite-extraction.onyx.app"
    },
    {
      "display_name": null,
      "first_name": "Isabella",
      "middle_initial": null,
      "last_name": "Torres",
      "email": "isabella_torres@netherite-extraction.onyx.app"
    }
  ],
  "secondary_owners": []
}