{
  "id": "9ddb2910f9b544828a79b566b932ca7f",
  "semantic_identifier": "Ticket 7953833 \u2014 audit trail + provenance for Attribution Evidence updates",
  "title": null,
  "source": "gmail",
  "doc_updated_at": "2025-11-12",
  "metadata": {},
  "doc_metadata": null,
  "sections": [
    {
      "text": "Got ticket 7953833 assigned to me. I\u2019ll implement an audit trail for Attribution Evidence field updates on Issue objects (old/new values, timestamp, actor user vs enrichment job, and source refs like CRM/opportunity/conversation IDs) and expose the history on the Issue detail view. Initial estimate: ~3\u20135 days including UI + backfill/migrations if needed.",
      "link": "https://www.onyx.app/demo_files/gmail/9ddb2910f9b544828a79b566b932ca7f/0"
    },
    {
      "text": "Sounds good. Any risk of performance impact on Issue writes or the detail view with this history?",
      "link": "https://www.onyx.app/demo_files/gmail/9ddb2910f9b544828a79b566b932ca7f/1"
    },
    {
      "text": "Write path should be low risk if we store history as append-only rows (or JSON blobs) and write asynchronously for enrichment jobs if needed; the main cost is an extra insert per update. For the detail view, we can page/limit to the most recent N changes and lazy-load older entries to avoid slowing down initial render. I\u2019ll also add an index on (issue_id, created_at) to keep reads fast.",
      "link": "https://www.onyx.app/demo_files/gmail/9ddb2910f9b544828a79b566b932ca7f/2"
    }
  ],
  "primary_owners": [
    {
      "display_name": null,
      "first_name": "Andre",
      "middle_initial": null,
      "last_name": "Robinson",
      "email": "andre_robinson@netherite-extraction.onyx.app"
    },
    {
      "display_name": null,
      "first_name": "Javier",
      "middle_initial": null,
      "last_name": "Morales",
      "email": "javier_morales@netherite-extraction.onyx.app"
    }
  ],
  "secondary_owners": []
}