{
  "id": "68b90e6f29c7456190028848fbde415b",
  "semantic_identifier": "Ticket 1518491 \u2013 Segment-to-template mapping fix for sales initiation recs",
  "title": null,
  "source": "gmail",
  "doc_updated_at": "2025-03-31",
  "metadata": {},
  "doc_metadata": null,
  "sections": [
    {
      "text": "Hi Javier,\n\nI got ticket 1518491 assigned to me. It covers fixing the segment-to-template mapping used by sales initiation recommendations so we deterministically resolve the current account segment, insert the correct positioning block, and fall back to a safe default when segment/block is missing or stale. I\u2019ll also add a regression test for segment change + missing segment/block.\n\nRough effort: ~1\u20132 days including tests.\n\n\u2013 Brooke",
      "link": "https://www.onyx.app/demo_files/gmail/68b90e6f29c7456190028848fbde415b/0"
    },
    {
      "text": "Thanks Brooke. Any risk this changes recommendations behavior for existing accounts in a way PM should message, or is it strictly a bug fix?",
      "link": "https://www.onyx.app/demo_files/gmail/68b90e6f29c7456190028848fbde415b/1"
    },
    {
      "text": "It should be strictly a bug fix: it makes template/block selection consistent with the account\u2019s current segment and prevents mismatches. The only behavior change would be accounts currently getting the wrong template/block; those will shift to the correct one or the default when segment data is unavailable.\n\n\u2013 Brooke",
      "link": "https://www.onyx.app/demo_files/gmail/68b90e6f29c7456190028848fbde415b/2"
    }
  ],
  "primary_owners": [
    {
      "display_name": null,
      "first_name": "Brooke",
      "middle_initial": null,
      "last_name": "Spencer",
      "email": "brooke_spencer@netherite-extraction.onyx.app"
    },
    {
      "display_name": null,
      "first_name": "Javier",
      "middle_initial": null,
      "last_name": "Morales",
      "email": "javier_morales@netherite-extraction.onyx.app"
    }
  ],
  "secondary_owners": []
}