{
  "id": "0569b0235da2488a9d18fa2f73a0e3ab",
  "semantic_identifier": "Ticket 8895033: Unmatched identities review queue",
  "title": null,
  "source": "gmail",
  "doc_updated_at": "2025-05-07",
  "metadata": {},
  "doc_metadata": null,
  "sections": [
    {
      "text": "Hi Isabella,\n\nI\u2019ve been assigned ticket 8895033 (\u201cAdd Unmatched identities review queue with match suggestions and bulk linking\u201d). Roughly: build an admin queue for identities that didn\u2019t auto-link, show raw + canonicalized signals plus top match suggestions, and support confirm link / create account / ignore with bulk actions. Also need to persist overrides as mapping rules so future ingests auto-link.\n\nInitial estimate: ~1\u20132 weeks depending on UI scope and how we store/execute the mapping rules.\n\n-Kevin",
      "link": "https://www.onyx.app/demo_files/gmail/0569b0235da2488a9d18fa2f73a0e3ab/0"
    },
    {
      "text": "Thanks Kevin.\n\nCan you confirm what the main risk/unknown is, and whether you expect any backend changes that could impact ingestion performance?",
      "link": "https://www.onyx.app/demo_files/gmail/0569b0235da2488a9d18fa2f73a0e3ab/1"
    },
    {
      "text": "Main unknown is the mapping rule design (schema + precedence + how we apply rules during ingest without creating expensive lookups). I expect a small backend change to apply explicit overrides in the linker, but we can keep it performant by indexing on normalized keys (email/domain/company) and caching rules in memory per worker so it\u2019s effectively a cheap check before the existing matching logic.\n\n-Kevin",
      "link": "https://www.onyx.app/demo_files/gmail/0569b0235da2488a9d18fa2f73a0e3ab/2"
    }
  ],
  "primary_owners": [
    {
      "display_name": null,
      "first_name": "Kevin",
      "middle_initial": null,
      "last_name": "Sullivan",
      "email": "kevin_sullivan@netherite-extraction.onyx.app"
    },
    {
      "display_name": null,
      "first_name": "Isabella",
      "middle_initial": null,
      "last_name": "Torres",
      "email": "isabella_torres@netherite-extraction.onyx.app"
    }
  ],
  "secondary_owners": []
}