{
  "id": "34a33d6c5ac14500b26e05453c23b04d",
  "semantic_identifier": "Ticket 1020906: Issue History read API",
  "title": null,
  "source": "gmail",
  "doc_updated_at": "2025-04-28",
  "metadata": {},
  "doc_metadata": null,
  "sections": [
    {
      "text": "Hi Javier,\n\nI got assigned ticket 1020906 (Issue History: add read API for issue_history timeline). I\u2019ll implement the backend endpoint/service to fetch issue_history events in stable chronological order with cursor-based pagination, normalize actor metadata, enforce Issue visibility permissions, and add basic tests around ordering/pagination/redaction.\n\nInitial estimate is ~2\u20133 days depending on how many event types need normalization.\n\nThanks,\nTyler",
      "link": "https://www.onyx.app/demo_files/gmail/34a33d6c5ac14500b26e05453c23b04d/0"
    },
    {
      "text": "Thanks Tyler.\n\n2\u20133 days sounds reasonable. Any notable risks or dependencies that could push that out (e.g., data model inconsistencies or permission edge cases)?",
      "link": "https://www.onyx.app/demo_files/gmail/34a33d6c5ac14500b26e05453c23b04d/1"
    },
    {
      "text": "Main risks are inconsistent historical event payloads across event types (may require some cleanup/normalization logic) and a couple of permission/redaction edge cases for private issues. No external dependencies expected; I\u2019ll flag quickly if I find event types that need schema changes.\n\n-Tyler",
      "link": "https://www.onyx.app/demo_files/gmail/34a33d6c5ac14500b26e05453c23b04d/2"
    }
  ],
  "primary_owners": [
    {
      "display_name": null,
      "first_name": "Tyler",
      "middle_initial": null,
      "last_name": "Jenkins",
      "email": "tyler_jenkins@netherite-extraction.onyx.app"
    },
    {
      "display_name": null,
      "first_name": "Javier",
      "middle_initial": null,
      "last_name": "Morales",
      "email": "javier_morales@netherite-extraction.onyx.app"
    }
  ],
  "secondary_owners": []
}