{
  "id": "a23d7660be4d4661980afe7dc4dbf29d",
  "semantic_identifier": "Ticket 8677940 \u2014 Customer Analyzer v1 integration",
  "title": null,
  "source": "gmail",
  "doc_updated_at": "2025-08-27",
  "metadata": {},
  "doc_metadata": null,
  "sections": [
    {
      "text": "Hi Isabella,\n\nI\u2019ve been assigned ticket 8677940 (Customer Analyzer v1: fetch/store segment IDs + fit tiers). I\u2019ll implement the integration call to Customer Analyzer for accounts referenced by ingested support conversations, persist segment_id and fit_tier on the customer/account model, and add basic freshness metadata (last_fetched_at) with graceful handling for missing/unknown values.\n\nRough effort: ~2\u20133 days including tests and a small backfill for recently ingested conversations.\n\nThanks,\nKevin",
      "link": "https://www.onyx.app/demo_files/gmail/a23d7660be4d4661980afe7dc4dbf29d/0"
    },
    {
      "text": "Thanks Kevin\u2014sounds good. Any notable dependencies or risks that could push this past 3 days?",
      "link": "https://www.onyx.app/demo_files/gmail/a23d7660be4d4661980afe7dc4dbf29d/1"
    },
    {
      "text": "Main dependency is getting stable Customer Analyzer API access (auth + endpoint/response contract). Biggest risk is rate limiting/timeouts on bulk lookups; I\u2019ll mitigate with batching + retries and defaulting to unknown while recording last_fetched_at.\n\nKevin",
      "link": "https://www.onyx.app/demo_files/gmail/a23d7660be4d4661980afe7dc4dbf29d/2"
    }
  ],
  "primary_owners": [
    {
      "display_name": null,
      "first_name": "Kevin",
      "middle_initial": null,
      "last_name": "Sullivan",
      "email": "kevin_sullivan@netherite-extraction.onyx.app"
    },
    {
      "display_name": null,
      "first_name": "Isabella",
      "middle_initial": null,
      "last_name": "Torres",
      "email": "isabella_torres@netherite-extraction.onyx.app"
    }
  ],
  "secondary_owners": []
}