{
  "id": "d4faf29db8f448cf89614ffdbb115e52",
  "semantic_identifier": "Ticket 4473383: Outcome events + telemetry schema",
  "title": null,
  "source": "gmail",
  "doc_updated_at": "2025-12-06",
  "metadata": {},
  "doc_metadata": null,
  "sections": [
    {
      "text": "Got ticket 4473383 assigned to me. I\u2019ll define the canonical outcome events and a versioned schema (incl. required context + join back to recommendation instance), document it, and add lightweight validation for missing/invalid fields. Rough estimate: ~3\u20135 days depending on review/alignment with PM and data consumers.",
      "link": "https://www.onyx.app/demo_files/gmail/d4faf29db8f448cf89614ffdbb115e52/0"
    },
    {
      "text": "Thanks Andre. Any expected cross-team dependencies or blockers (e.g., CRM ID sources / recommendation instance identifiers)?",
      "link": "https://www.onyx.app/demo_files/gmail/d4faf29db8f448cf89614ffdbb115e52/1"
    },
    {
      "text": "Main dependency is confirming the stable join keys: recommendation_instance_id (from rec service) plus CRM IDs (account/oppty) and rep/segment fields from our existing context payload. I don\u2019t expect major blockers, but I\u2019ll need quick confirmation from the rec service owner and whoever owns CRM ID mapping to ensure we\u2019re not inventing new identifiers.",
      "link": "https://www.onyx.app/demo_files/gmail/d4faf29db8f448cf89614ffdbb115e52/2"
    }
  ],
  "primary_owners": [
    {
      "display_name": null,
      "first_name": "Andre",
      "middle_initial": null,
      "last_name": "Robinson",
      "email": "andre_robinson@netherite-extraction.onyx.app"
    },
    {
      "display_name": null,
      "first_name": "Javier",
      "middle_initial": null,
      "last_name": "Morales",
      "email": "javier_morales@netherite-extraction.onyx.app"
    }
  ],
  "secondary_owners": []
}