{
  "id": "d03a339dfa4d43e2977ea19a62a5fdd1",
  "semantic_identifier": "Ticket 9670490: Auto-populate Attribution Evidence on Issues",
  "title": null,
  "source": "gmail",
  "doc_updated_at": "2025-12-10",
  "metadata": {},
  "doc_metadata": null,
  "sections": [
    {
      "text": "Hi Isabella,\n\nI\u2019ve been assigned ticket 9670490 (Auto-populate Attribution Evidence on Issues from CRM + pipeline context). I\u2019ll implement an enrichment job to populate the new Attribution Evidence fields on Issues from linked CRM accounts, open opps, and support conversation metadata, with incremental updates based on source changes and source references (IDs + timestamps). Also includes a one-time backfill for existing Issues with known links.\n\nRough effort: ~3\u20135 days including backfill + validation.\n\nThanks,\nKevin",
      "link": "https://www.onyx.app/demo_files/gmail/d03a339dfa4d43e2977ea19a62a5fdd1/0"
    },
    {
      "text": "Thanks, Kevin. What are the biggest risks or dependencies that could push this past a week?",
      "link": "https://www.onyx.app/demo_files/gmail/d03a339dfa4d43e2977ea19a62a5fdd1/1"
    },
    {
      "text": "Main dependencies are reliable access to CRM/opportunity data and having stable \u201clast updated\u201d timestamps to drive incremental updates. Biggest risk is data consistency (e.g., multiple linked accounts/opps or missing IDs), which could add time for edge-case handling and QA on the backfill. Otherwise should stay within the estimate.\n\nKevin",
      "link": "https://www.onyx.app/demo_files/gmail/d03a339dfa4d43e2977ea19a62a5fdd1/2"
    }
  ],
  "primary_owners": [
    {
      "display_name": null,
      "first_name": "Kevin",
      "middle_initial": null,
      "last_name": "Sullivan",
      "email": "kevin_sullivan@netherite-extraction.onyx.app"
    },
    {
      "display_name": null,
      "first_name": "Isabella",
      "middle_initial": null,
      "last_name": "Torres",
      "email": "isabella_torres@netherite-extraction.onyx.app"
    }
  ],
  "secondary_owners": []
}