{
  "id": "c2e6b8850d9144eb9615f32d4027a11e",
  "semantic_identifier": "Ticket 8997169: Segment Positioning conflict indicators",
  "title": null,
  "source": "gmail",
  "doc_updated_at": "2025-09-09",
  "metadata": {},
  "doc_metadata": null,
  "sections": [
    {
      "text": "Hi Isabella,\n\nI got ticket 8997169 assigned to me (Surface recommendation conflicts in Segment Positioning UI). I\u2019ll update the Segment Positioning view to consume the API conflict metadata, add a compact per-category conflict indicator with a drill-in panel showing conflicting segments/statements, and make sure we handle missing/empty metadata without breaking existing rendering.\n\nRough effort: ~2\u20133 days including UI + wiring + edge cases.\n\nThanks,\nJason",
      "link": "https://www.onyx.app/demo_files/gmail/c2e6b8850d9144eb9615f32d4027a11e/0"
    },
    {
      "text": "Thanks, Jason. Any major risks or dependencies that could push this out?",
      "link": "https://www.onyx.app/demo_files/gmail/c2e6b8850d9144eb9615f32d4027a11e/1"
    },
    {
      "text": "Main dependency is the API payload shape staying stable across workspaces; I\u2019ll guard for missing/empty metadata and keep current rendering as the fallback. Biggest risk is UI polish/interaction time for the drill-in panel, but I\u2019ll keep it compact and iterate if needed.",
      "link": "https://www.onyx.app/demo_files/gmail/c2e6b8850d9144eb9615f32d4027a11e/2"
    }
  ],
  "primary_owners": [
    {
      "display_name": null,
      "first_name": "Jason",
      "middle_initial": null,
      "last_name": "Morris",
      "email": "jason_morris@netherite-extraction.onyx.app"
    },
    {
      "display_name": null,
      "first_name": "Isabella",
      "middle_initial": null,
      "last_name": "Torres",
      "email": "isabella_torres@netherite-extraction.onyx.app"
    }
  ],
  "secondary_owners": []
}