{
  "id": "c46d632970d14573b3e3d46f3f397580",
  "semantic_identifier": "Ticket 6070643: Recommendation exposure logging",
  "title": null,
  "source": "gmail",
  "doc_updated_at": "2025-07-12",
  "metadata": {},
  "doc_metadata": null,
  "sections": [
    {
      "text": "Got ticket 6070643 assigned to me (Add recommendation exposure logging with stable IDs). I\u2019ll instrument Sales Accelerator to emit analytics events for recommendation impression/click/apply with stable identifiers (recommendation_id, model_version, account/opportunity_id, user_id, timestamp, surface), push them through the existing analytics pipeline, and validate payload completeness in staging. Rough estimate: ~2\u20133 days including testing/validation.",
      "link": "https://www.onyx.app/demo_files/gmail/c46d632970d14573b3e3d46f3f397580/0"
    },
    {
      "text": "Thanks Andre. Do you see any risk of the new events increasing client latency or causing any reliability issues in the UI?",
      "link": "https://www.onyx.app/demo_files/gmail/c46d632970d14573b3e3d46f3f397580/1"
    },
    {
      "text": "Risk should be low: we\u2019ll emit events asynchronously/non-blocking and batch where possible, with failures failing open (drop/log locally) so UI isn\u2019t impacted. I\u2019ll add basic sampling/guardrails if volume looks high in staging.",
      "link": "https://www.onyx.app/demo_files/gmail/c46d632970d14573b3e3d46f3f397580/2"
    },
    {
      "text": "Sounds good\u2014proceed as planned.",
      "link": "https://www.onyx.app/demo_files/gmail/c46d632970d14573b3e3d46f3f397580/3"
    }
  ],
  "primary_owners": [
    {
      "display_name": null,
      "first_name": "Andre",
      "middle_initial": null,
      "last_name": "Robinson",
      "email": "andre_robinson@netherite-extraction.onyx.app"
    },
    {
      "display_name": null,
      "first_name": "Javier",
      "middle_initial": null,
      "last_name": "Morales",
      "email": "javier_morales@netherite-extraction.onyx.app"
    }
  ],
  "secondary_owners": []
}