{
  "id": "280f0cc595054150b92e663a810b75fe",
  "semantic_identifier": "Ticket 8710442: Add provenance to Positioning Recommendations output",
  "title": null,
  "source": "gmail",
  "doc_updated_at": "2025-04-20",
  "metadata": {},
  "doc_metadata": null,
  "sections": [
    {
      "text": "Hi Isabella,\n\nI was assigned ticket 8710442 (\u201cAdd evidence + data-source provenance to Positioning Recommendations output\u201d). I\u2019m planning to add backend support to attach lightweight provenance per recommendation (top contributing signals/sources, counts, and recency) and expose it in the recommendations API response, without changing the recommendation logic.\n\nRough estimate: 2\u20133 days for implementation + tests, assuming no schema/contract complications.\n\n-Jason",
      "link": "https://www.onyx.app/demo_files/gmail/280f0cc595054150b92e663a810b75fe/0"
    },
    {
      "text": "Thanks Jason. Do you see any backwards-compatibility risk for the recommendations API consumers, or can we make this additive?",
      "link": "https://www.onyx.app/demo_files/gmail/280f0cc595054150b92e663a810b75fe/1"
    },
    {
      "text": "This should be fully additive: I\u2019ll add a new optional provenance field to the response and keep existing fields unchanged. I\u2019ll also version the contract in our API schema and ensure clients that don\u2019t read the new field behave the same.\n\n-Jason",
      "link": "https://www.onyx.app/demo_files/gmail/280f0cc595054150b92e663a810b75fe/2"
    }
  ],
  "primary_owners": [
    {
      "display_name": null,
      "first_name": "Jason",
      "middle_initial": null,
      "last_name": "Morris",
      "email": "jason_morris@netherite-extraction.onyx.app"
    },
    {
      "display_name": null,
      "first_name": "Isabella",
      "middle_initial": null,
      "last_name": "Torres",
      "email": "isabella_torres@netherite-extraction.onyx.app"
    }
  ],
  "secondary_owners": []
}