{
  "id": "777cc0b87bbb4747ad72976572e1e6a1",
  "semantic_identifier": "Ticket 6182103: Admin controls + safe mode for automation",
  "title": null,
  "source": "gmail",
  "doc_updated_at": "2025-11-12",
  "metadata": {},
  "doc_metadata": null,
  "sections": [
    {
      "text": "Hi Isabella,\n\nI got ticket 6182103 assigned to me. It covers adding workspace-level settings to control auto-routing/auto-creation (admin-only toggles), plus \u201cmanual review\u201d and \u201cdry-run\u201d modes, a clear UI warning when enabled, and a one-click kill switch to pause automation.\n\nRough estimate: ~1\u20132 weeks depending on how much UI/permissions work we need across Jira and Linear.\n\nThanks,\nKevin",
      "link": "https://www.onyx.app/demo_files/gmail/777cc0b87bbb4747ad72976572e1e6a1/0"
    },
    {
      "text": "Thanks, Kevin\u2014sounds good. Can you break down what\u2019s backend vs UI work, and which parts are riskiest?",
      "link": "https://www.onyx.app/demo_files/gmail/777cc0b87bbb4747ad72976572e1e6a1/1"
    },
    {
      "text": "Sure. Backend: workspace settings + permission checks (admin-only), per-integration enablement, dry-run evaluation layer, and a kill-switch state that short-circuits execution. UI: settings screens/toggles, dry-run preview output, warning banner/indicator, and the kill-switch control.\n\nRiskiest parts are the dry-run preview being accurate vs real execution (edge cases in mapping/rules) and ensuring the kill switch is reliably enforced across workers/jobs.\n\nKevin",
      "link": "https://www.onyx.app/demo_files/gmail/777cc0b87bbb4747ad72976572e1e6a1/2"
    }
  ],
  "primary_owners": [
    {
      "display_name": null,
      "first_name": "Kevin",
      "middle_initial": null,
      "last_name": "Sullivan",
      "email": "kevin_sullivan@netherite-extraction.onyx.app"
    },
    {
      "display_name": null,
      "first_name": "Isabella",
      "middle_initial": null,
      "last_name": "Torres",
      "email": "isabella_torres@netherite-extraction.onyx.app"
    }
  ],
  "secondary_owners": []
}