{
  "id": "e9625e672f7a434a8af1a5f60b084417",
  "semantic_identifier": "Ticket 7632445: Issue prioritization score breakdown",
  "title": null,
  "source": "gmail",
  "doc_updated_at": "2025-05-12",
  "metadata": {},
  "doc_metadata": null,
  "sections": [
    {
      "text": "Hi Javier,\n\nI got ticket 7632445 assigned to me (Expose issue_prioritization score breakdown in Issue Theme API + UI). I\u2019m planning to add API fields for total score, per-factor contributions (frequency/severity/ARR tier), and the scoring config version, then update the Issue Theme list + detail views to show the breakdown with labels for fallbacks.\n\nRough effort: ~2\u20133 days including UI wiring and a couple tests.\n\nThanks,\nBrooke",
      "link": "https://www.onyx.app/demo_files/gmail/e9625e672f7a434a8af1a5f60b084417/0"
    },
    {
      "text": "Thanks Brooke\u2014sounds good. Any risks around data availability (e.g., missing ARR tier or severity) impacting consistency between list and detail views?",
      "link": "https://www.onyx.app/demo_files/gmail/e9625e672f7a434a8af1a5f60b084417/1"
    },
    {
      "text": "Main risk is inconsistent fallbacks if list vs detail hit different code paths. I\u2019ll centralize the breakdown calculation in the backend response (including explicit fallback flags/labels like unknown ARR tier/default severity) and have both views render from the same fields to keep them consistent.",
      "link": "https://www.onyx.app/demo_files/gmail/e9625e672f7a434a8af1a5f60b084417/2"
    },
    {
      "text": "Perfect\u2014thanks. Proceed.",
      "link": "https://www.onyx.app/demo_files/gmail/e9625e672f7a434a8af1a5f60b084417/3"
    }
  ],
  "primary_owners": [
    {
      "display_name": null,
      "first_name": "Brooke",
      "middle_initial": null,
      "last_name": "Spencer",
      "email": "brooke_spencer@netherite-extraction.onyx.app"
    },
    {
      "display_name": null,
      "first_name": "Javier",
      "middle_initial": null,
      "last_name": "Morales",
      "email": "javier_morales@netherite-extraction.onyx.app"
    }
  ],
  "secondary_owners": []
}