{
  "id": "e701d5a66da94ddcbf114a02c854f785",
  "semantic_identifier": "Ticket 2046978 \u2014 Positioning recommendation versioning + channel pinning",
  "title": null,
  "source": "gmail",
  "doc_updated_at": "2025-12-14",
  "metadata": {},
  "doc_metadata": null,
  "sections": [
    {
      "text": "Hi Isabella,\n\nI\u2019ve been assigned ticket 2046978. It covers adding lightweight versioning to positioning recommendations (segment, effective date, author/approver) and letting each messaging channel asset pin to an approved recommendation version. I\u2019ll store the pinned version ID on the asset and expose it via the internal API so the messaging consistency audit can compare against the right baseline.\n\nRough effort: ~3\u20135 days including schema changes, API updates, and a small backfill/migration.\n\nThanks,\nRyan",
      "link": "https://www.onyx.app/demo_files/gmail/e701d5a66da94ddcbf114a02c854f785/0"
    },
    {
      "text": "Thanks, Ryan. Quick question: do we need any downtime or a coordinated release with other teams for the schema migration/backfill?",
      "link": "https://www.onyx.app/demo_files/gmail/e701d5a66da94ddcbf114a02c854f785/1"
    },
    {
      "text": "No downtime expected. I\u2019ll do a backward-compatible migration (nullable pinned_version_id), deploy API support first, then backfill, then tighten validation once adoption is confirmed. I don\u2019t think we need a coordinated release beyond a heads-up to the audit job owner.\n\n\u2014Ryan",
      "link": "https://www.onyx.app/demo_files/gmail/e701d5a66da94ddcbf114a02c854f785/2"
    }
  ],
  "primary_owners": [
    {
      "display_name": null,
      "first_name": "Ryan",
      "middle_initial": null,
      "last_name": "Murphy",
      "email": "ryan_murphy@netherite-extraction.onyx.app"
    },
    {
      "display_name": null,
      "first_name": "Isabella",
      "middle_initial": null,
      "last_name": "Torres",
      "email": "isabella_torres@netherite-extraction.onyx.app"
    }
  ],
  "secondary_owners": []
}