{
  "id": "6e8283ff2af34eefa9a4e907746e638f",
  "semantic_identifier": "Ticket 6938414 \u2014 Follow-up workflow task queue ordering/visibility fix",
  "title": null,
  "source": "gmail",
  "doc_updated_at": "2025-06-06",
  "metadata": {},
  "doc_metadata": null,
  "sections": [
    {
      "text": "Hi Isabella,\n\nI got assigned to ticket 6938414. I\u2019m going to dig into the follow-up task queue logic to ensure we consistently show the correct next best action per account/opportunity, ordered by due date + risk/priority, and address cases where tasks don\u2019t appear after create/state changes (complete/reassign/CRM sync). I\u2019ll also add minimal logging around task generation and queue rendering for production validation.\n\nRough effort: ~2\u20133 days for fix + tests, plus ~1 day to monitor after release.\n\nThanks,\nJason",
      "link": "https://www.onyx.app/demo_files/gmail/6e8283ff2af34eefa9a4e907746e638f/0"
    },
    {
      "text": "Thanks, Jason.\n\nDo you expect this to be mostly a backend task-generation issue, or a frontend sorting/rendering problem?",
      "link": "https://www.onyx.app/demo_files/gmail/6e8283ff2af34eefa9a4e907746e638f/1"
    },
    {
      "text": "My guess is it\u2019s a mix: backend task generation/state transitions (especially after CRM sync) causing missing items, plus a frontend ordering issue when multiple priority signals are applied. I\u2019ll confirm with tracing today and start with the backend event/state pipeline first since it explains the \u201cmissing after change\u201d cases.\n\n-Jason",
      "link": "https://www.onyx.app/demo_files/gmail/6e8283ff2af34eefa9a4e907746e638f/2"
    }
  ],
  "primary_owners": [
    {
      "display_name": null,
      "first_name": "Jason",
      "middle_initial": null,
      "last_name": "Morris",
      "email": "jason_morris@netherite-extraction.onyx.app"
    },
    {
      "display_name": null,
      "first_name": "Isabella",
      "middle_initial": null,
      "last_name": "Torres",
      "email": "isabella_torres@netherite-extraction.onyx.app"
    }
  ],
  "secondary_owners": []
}