{
  "id": "7e05073c25174508a60d370f39955d78",
  "semantic_identifier": "Ticket 8604917 - Observability for scheduled sync jobs",
  "title": null,
  "source": "gmail",
  "doc_updated_at": "2025-07-14",
  "metadata": {},
  "doc_metadata": null,
  "sections": [
    {
      "text": "Hi Javier,\n\nI got ticket 8604917 assigned to me. It covers adding consistent logging + metrics for scheduled sync runs across CRM/Support/Product Analytics (start/end, duration, records processed, API errors/retries) and surfacing per-connection status (last success + last failure reason) so we can see when data is stale and why.\n\nRough effort: ~3\u20135 days, depending on how much integration-specific instrumentation we need and where the status is stored/exposed.\n\n- Brooke",
      "link": "https://www.onyx.app/demo_files/gmail/7e05073c25174508a60d370f39955d78/0"
    },
    {
      "text": "Thanks, Brooke. Sounds good\u2014can you call out the main risks/dependencies that could push this past a week?",
      "link": "https://www.onyx.app/demo_files/gmail/7e05073c25174508a60d370f39955d78/1"
    },
    {
      "text": "Main risks:\n- Differences in how each integration schedules/runs syncs (might require per-integration hooks rather than a shared wrapper)\n- Where we persist per-connection status today (may need a small schema change or backfill)\n- Metrics/logging pipeline constraints (naming/cardinality and any limits in our current tooling)\n\nIf we can centralize instrumentation in the shared job runner and reuse existing connection metadata, it should stay within the estimate.\n\n- Brooke",
      "link": "https://www.onyx.app/demo_files/gmail/7e05073c25174508a60d370f39955d78/2"
    }
  ],
  "primary_owners": [
    {
      "display_name": null,
      "first_name": "Brooke",
      "middle_initial": null,
      "last_name": "Spencer",
      "email": "brooke_spencer@netherite-extraction.onyx.app"
    },
    {
      "display_name": null,
      "first_name": "Javier",
      "middle_initial": null,
      "last_name": "Morales",
      "email": "javier_morales@netherite-extraction.onyx.app"
    }
  ],
  "secondary_owners": []
}