{
  "id": "c5a5aaca7a9d4a26b0a953e45b19ffb4",
  "semantic_identifier": "Ticket 3449150: ownership enforcement for tag/priority updates",
  "title": null,
  "source": "gmail",
  "doc_updated_at": "2025-06-15",
  "metadata": {},
  "doc_metadata": null,
  "sections": [
    {
      "text": "Hi Isabella,\n\nI got ticket 3449150 assigned to me. I\u2019ll add backend enforcement so only the current owner can directly update tag/priority; non-owner edits (UI/API/integrations) will create a pending change request and return an \u201capproval required\u201d response. I\u2019ll also make sure we capture requester, proposed value, and source for audit/UX follow-ups.\n\nRough effort: ~2\u20133 days including tests and integration touchpoints.\n\nThanks,\nRyan",
      "link": "https://www.onyx.app/demo_files/gmail/c5a5aaca7a9d4a26b0a953e45b19ffb4/0"
    },
    {
      "text": "Thanks Ryan.\n\nDo you foresee any cross-team dependencies or rollout risk (e.g., integrations relying on the current overwrite behavior)?",
      "link": "https://www.onyx.app/demo_files/gmail/c5a5aaca7a9d4a26b0a953e45b19ffb4/1"
    },
    {
      "text": "Main dependency/risk is integrations and API clients that assume a 200 + immediate overwrite. I\u2019ll keep the existing endpoints but change the response to a structured \u201cpending approval\u201d outcome (with an explicit status/code) and add metrics/logging. If needed, we can gate the enforcement behind a feature flag for a staged rollout.\n\nRyan",
      "link": "https://www.onyx.app/demo_files/gmail/c5a5aaca7a9d4a26b0a953e45b19ffb4/2"
    }
  ],
  "primary_owners": [
    {
      "display_name": null,
      "first_name": "Ryan",
      "middle_initial": null,
      "last_name": "Murphy",
      "email": "ryan_murphy@netherite-extraction.onyx.app"
    },
    {
      "display_name": null,
      "first_name": "Isabella",
      "middle_initial": null,
      "last_name": "Torres",
      "email": "isabella_torres@netherite-extraction.onyx.app"
    }
  ],
  "secondary_owners": []
}