{
  "id": "919c55b242c846cba073d78fe05c01ef",
  "semantic_identifier": "Ticket 6178757 \u2014 Warning alerts v3 recommendation layer",
  "title": null,
  "source": "gmail",
  "doc_updated_at": "2025-11-19",
  "metadata": {},
  "doc_metadata": null,
  "sections": [
    {
      "text": "Hi Javier,\n\nI got assigned ticket 6178757 (Warning alerts v3: generate recommended interventions from ranked risk drivers). I\u2019ll implement the deterministic, rule-based mapping from risk drivers to 3\u20135 interventions (with rationale/priority + required CRM fields/links) and add unit tests + a stable response schema for the UI.\n\nRoughly 2\u20133 days of effort depending on how many driver rules we want in v1.\n\nThanks,\nJiwon",
      "link": "https://www.onyx.app/demo_files/gmail/919c55b242c846cba073d78fe05c01ef/0"
    },
    {
      "text": "Thanks Jiwon. What are the main risks/unknowns that could push this beyond 2\u20133 days?",
      "link": "https://www.onyx.app/demo_files/gmail/919c55b242c846cba073d78fe05c01ef/1"
    },
    {
      "text": "Main risks are (1) ambiguity in the final driver list/evidence payload from v3 scoring (missing/renamed fields) and (2) nailing the exact response schema expected by the UI/CRM link requirements. If we lock the driver contract + schema early, it should stay within 2\u20133 days.\n\nJiwon",
      "link": "https://www.onyx.app/demo_files/gmail/919c55b242c846cba073d78fe05c01ef/2"
    }
  ],
  "primary_owners": [
    {
      "display_name": null,
      "first_name": "Jiwon",
      "middle_initial": null,
      "last_name": "Kang",
      "email": "jiwon_kang@netherite-extraction.onyx.app"
    },
    {
      "display_name": null,
      "first_name": "Javier",
      "middle_initial": null,
      "last_name": "Morales",
      "email": "javier_morales@netherite-extraction.onyx.app"
    }
  ],
  "secondary_owners": []
}