{
  "id": "a66afb5ab4b04d44a8014ffc7de45c43",
  "semantic_identifier": "Ticket 7367302: Scenario modeling recompute on coverage + hiring inputs",
  "title": null,
  "source": "gmail",
  "doc_updated_at": "2026-01-03",
  "metadata": {},
  "doc_metadata": null,
  "sections": [
    {
      "text": "Hi Javier,\n\nI got ticket 7367302 assigned to me. It\u2019s about scenario modeling inputs (pipeline coverage targets + hiring capacity) not consistently triggering a full forecast recompute, leaving stale totals/deltas and segment breakdowns. I\u2019ll trace the update path and ensure we recompute + refresh dependent UI values, and add a lightweight regression test.\n\nRough effort: ~1\u20132 days depending on where the stale state is coming from.\n\n-Tyler",
      "link": "https://www.onyx.app/demo_files/gmail/a66afb5ab4b04d44a8014ffc7de45c43/0"
    },
    {
      "text": "Thanks Tyler\u2014sounds reasonable. Any risk this touches shared forecast recalculation logic used elsewhere, or is it scoped to scenario modeling only?",
      "link": "https://www.onyx.app/demo_files/gmail/a66afb5ab4b04d44a8014ffc7de45c43/1"
    },
    {
      "text": "It should be scoped to scenario modeling only; I\u2019ll keep the recompute trigger and test confined to the scenario model update flow. If I find it\u2019s in shared forecast logic, I\u2019ll flag it before changing anything broadly.\n\n-Tyler",
      "link": "https://www.onyx.app/demo_files/gmail/a66afb5ab4b04d44a8014ffc7de45c43/2"
    },
    {
      "text": "Perfect\u2014thanks. Keep me posted if it turns out to be broader.",
      "link": "https://www.onyx.app/demo_files/gmail/a66afb5ab4b04d44a8014ffc7de45c43/3"
    }
  ],
  "primary_owners": [
    {
      "display_name": null,
      "first_name": "Tyler",
      "middle_initial": null,
      "last_name": "Jenkins",
      "email": "tyler_jenkins@netherite-extraction.onyx.app"
    },
    {
      "display_name": null,
      "first_name": "Javier",
      "middle_initial": null,
      "last_name": "Morales",
      "email": "javier_morales@netherite-extraction.onyx.app"
    }
  ],
  "secondary_owners": []
}