{
  "id": "aa2c2de77d97409a99f0bd8418710629",
  "semantic_identifier": "Ticket 1913877: Optimize dedupe/cluster persistence queries and indexes",
  "title": null,
  "source": "gmail",
  "doc_updated_at": "2025-08-05",
  "metadata": {},
  "doc_metadata": null,
  "sections": [
    {
      "text": "Hi Isabella,\n\nI got ticket 1913877 assigned to me. It\u2019s about profiling and optimizing the DB read/write patterns during dedupe/clustering and issue-object persistence for large backfills\u2014mainly rewriting the hottest lookups (source ticket ID, conversation ID, normalized fingerprint) and adding/adjusting indexes to reduce scans/lock contention.\n\nRough estimate: 2\u20134 days including profiling and validating on a backfill-sized dataset to ensure idempotency/merge behavior stays the same.\n\nJason",
      "link": "https://www.onyx.app/demo_files/gmail/aa2c2de77d97409a99f0bd8418710629/0"
    },
    {
      "text": "Thanks Jason\u2014sounds good. One question: do you anticipate any migration/lock risk from the index changes that we should coordinate with ops or schedule off-hours?",
      "link": "https://www.onyx.app/demo_files/gmail/aa2c2de77d97409a99f0bd8418710629/1"
    },
    {
      "text": "Good point. I\u2019ll bias toward CONCURRENTLY/online index builds where supported and avoid dropping existing indexes until we\u2019ve validated. If we need any non-concurrent changes (or if we see elevated lock times), I\u2019ll flag it ahead of time and propose an off-hours window.\n\nJason",
      "link": "https://www.onyx.app/demo_files/gmail/aa2c2de77d97409a99f0bd8418710629/2"
    },
    {
      "text": "Perfect\u2014please keep me posted if it looks like we\u2019ll need a window.",
      "link": "https://www.onyx.app/demo_files/gmail/aa2c2de77d97409a99f0bd8418710629/3"
    }
  ],
  "primary_owners": [
    {
      "display_name": null,
      "first_name": "Jason",
      "middle_initial": null,
      "last_name": "Morris",
      "email": "jason_morris@netherite-extraction.onyx.app"
    },
    {
      "display_name": null,
      "first_name": "Isabella",
      "middle_initial": null,
      "last_name": "Torres",
      "email": "isabella_torres@netherite-extraction.onyx.app"
    }
  ],
  "secondary_owners": []
}