{
  "id": "e1fadfae798f47378d86a5e56334536a",
  "semantic_identifier": "Ticket 2063878: Debounce sales/opportunity signals for priority scoring",
  "title": null,
  "source": "gmail",
  "doc_updated_at": "2025-06-27",
  "metadata": {},
  "doc_metadata": null,
  "sections": [
    {
      "text": "Hi Javier,\n\nI got ticket 2063878 assigned to me. It\u2019s to add gating/debouncing to the Sales Accelerator opportunity linkage so a single one-off deal ask can\u2019t materially boost an issue/theme priority score\u2014e.g., require multiple distinct opportunities or corroborating support signals before applying the uplift\u2014and record in the issue/UI when an uplift is suppressed and why.\n\nRough effort: ~2\u20133 days engineering plus some time to align on the evidence threshold and UI wording.\n\n-Tyler",
      "link": "https://www.onyx.app/demo_files/gmail/e1fadfae798f47378d86a5e56334536a/0"
    },
    {
      "text": "Thanks Tyler. What\u2019s your expected timeline to land this, and any risks that could push it out?",
      "link": "https://www.onyx.app/demo_files/gmail/e1fadfae798f47378d86a5e56334536a/1"
    },
    {
      "text": "I can have an initial PR up by mid-week and aim to merge by end of week if we can confirm the evidence threshold quickly.\n\nMain risks: clarifying the exact threshold rules (what counts as \u201cdistinct\u201d opportunities and what qualifies as corroborating support), and making sure the priority scoring change doesn\u2019t have unintended side effects in downstream reporting.\n\n-Tyler",
      "link": "https://www.onyx.app/demo_files/gmail/e1fadfae798f47378d86a5e56334536a/2"
    }
  ],
  "primary_owners": [
    {
      "display_name": null,
      "first_name": "Tyler",
      "middle_initial": null,
      "last_name": "Jenkins",
      "email": "tyler_jenkins@netherite-extraction.onyx.app"
    },
    {
      "display_name": null,
      "first_name": "Javier",
      "middle_initial": null,
      "last_name": "Morales",
      "email": "javier_morales@netherite-extraction.onyx.app"
    }
  ],
  "secondary_owners": []
}