{
  "id": "ac8c77e381fe47a09fe18fd2e9ce33a8",
  "semantic_identifier": "Ticket 4102581: Version history persistence for Positioning workspace",
  "title": null,
  "source": "gmail",
  "doc_updated_at": "2025-07-18",
  "metadata": {},
  "doc_metadata": null,
  "sections": [
    {
      "text": "Hi Isabella,\n\nI got ticket 4102581 assigned to me. It covers adding backend persistence for Positioning workspace outputs so each recommendation is stored as a versioned snapshot per workspace + segment (and comparison segment when applicable), including metadata (created_at/created_by, segments, model/run id) and the full payload, plus APIs to list versions (most recent first, with limits) and fetch a specific version.\n\nRough effort: ~2\u20133 days including schema/migrations, service changes, and API endpoints/tests.\n\nThanks,\nKevin",
      "link": "https://www.onyx.app/demo_files/gmail/ac8c77e381fe47a09fe18fd2e9ce33a8/0"
    },
    {
      "text": "Thanks Kevin.\n\nDo you see any notable risks or cross-team dependencies that could push this out?",
      "link": "https://www.onyx.app/demo_files/gmail/ac8c77e381fe47a09fe18fd2e9ce33a8/1"
    },
    {
      "text": "Nothing major. Main risk is payload size/retention (need to confirm storage limits/cleanup expectations), but otherwise it\u2019s self-contained in our backend and API layer\u2014no cross-team dependency unless PM wants specific retention behavior beyond \u201csensible limits.\u201d\n\nKevin",
      "link": "https://www.onyx.app/demo_files/gmail/ac8c77e381fe47a09fe18fd2e9ce33a8/2"
    }
  ],
  "primary_owners": [
    {
      "display_name": null,
      "first_name": "Kevin",
      "middle_initial": null,
      "last_name": "Sullivan",
      "email": "kevin_sullivan@netherite-extraction.onyx.app"
    },
    {
      "display_name": null,
      "first_name": "Isabella",
      "middle_initial": null,
      "last_name": "Torres",
      "email": "isabella_torres@netherite-extraction.onyx.app"
    }
  ],
  "secondary_owners": []
}