{
  "id": "8308516fe26e45c1a138ede78045cce1",
  "semantic_identifier": "Ticket 7320533: Admin-configurable segment/ICP weighting controls",
  "title": null,
  "source": "gmail",
  "doc_updated_at": "2025-05-06",
  "metadata": {},
  "doc_metadata": null,
  "sections": [
    {
      "text": "Hi Isabella,\n\nI got ticket 7320533 assigned to me. It\u2019s to expose the segment/ICP weighting config from the scoring service in an Admin settings UI, add role-based access (Admin/PM), and include validation/guardrails (min/max, reset-to-default) plus versioning and audit trail writes.\n\nRough estimate: ~3\u20135 engineering days depending on UI wiring and audit/versioning hooks.\n\nThanks,\nKevin",
      "link": "https://www.onyx.app/demo_files/gmail/8308516fe26e45c1a138ede78045cce1/0"
    },
    {
      "text": "Thanks Kevin. Do you see any risk that changes won\u2019t be defensible/debuggable unless we also capture \u201cwho/why\u201d (actor + optional reason) along with the version in the score audit trail?",
      "link": "https://www.onyx.app/demo_files/gmail/8308516fe26e45c1a138ede78045cce1/1"
    },
    {
      "text": "Good call\u2014capturing actor is essential, and we can add an optional \u201cchange reason\u201d field in the UI and persist it with the versioned config + audit entry. That should make priority shifts defensible without much extra work (likely <1 day).\n\n-Kevin",
      "link": "https://www.onyx.app/demo_files/gmail/8308516fe26e45c1a138ede78045cce1/2"
    }
  ],
  "primary_owners": [
    {
      "display_name": null,
      "first_name": "Kevin",
      "middle_initial": null,
      "last_name": "Sullivan",
      "email": "kevin_sullivan@netherite-extraction.onyx.app"
    },
    {
      "display_name": null,
      "first_name": "Isabella",
      "middle_initial": null,
      "last_name": "Torres",
      "email": "isabella_torres@netherite-extraction.onyx.app"
    }
  ],
  "secondary_owners": []
}