{
  "id": "d7915579fcea45c0b7dd3db6a194f1d6",
  "semantic_identifier": "Ticket 1548713: CRM-embedded Guidance panel shell (Accounts & Opportunities)",
  "title": null,
  "source": "gmail",
  "doc_updated_at": "2025-04-12",
  "metadata": {},
  "doc_metadata": null,
  "sections": [
    {
      "text": "Hi Isabella,\n\nI got assigned ticket 1548713 (Implement CRM-embedded Guidance panel shell for Account & Opportunity views). I\u2019ll build the embedded panel container for Salesforce/HubSpot record pages, wire up record context (object + ID), handle auth/session handoff, and add basic loading/empty/error states\u2014no guidance block rendering yet.\n\nRough effort: ~3\u20134 days including integration/testing.\n\nThanks,\nJason",
      "link": "https://www.onyx.app/demo_files/gmail/d7915579fcea45c0b7dd3db6a194f1d6/0"
    },
    {
      "text": "Thanks, Jason\u2014sounds good. Any major integration risks with the auth/session handoff that could push this past the estimate?",
      "link": "https://www.onyx.app/demo_files/gmail/d7915579fcea45c0b7dd3db6a194f1d6/1"
    },
    {
      "text": "The main risk is variance between Salesforce vs HubSpot session handoff behavior (and any edge cases around expired sessions). I\u2019ll start by validating both flows early; if we hit unexpected limitations, I\u2019ll flag within the first day with options (fallback to re-auth prompt vs. silent refresh).\n\nJason",
      "link": "https://www.onyx.app/demo_files/gmail/d7915579fcea45c0b7dd3db6a194f1d6/2"
    },
    {
      "text": "Perfect\u2014keep me posted if you hit anything unexpected.",
      "link": "https://www.onyx.app/demo_files/gmail/d7915579fcea45c0b7dd3db6a194f1d6/3"
    }
  ],
  "primary_owners": [
    {
      "display_name": null,
      "first_name": "Jason",
      "middle_initial": null,
      "last_name": "Morris",
      "email": "jason_morris@netherite-extraction.onyx.app"
    },
    {
      "display_name": null,
      "first_name": "Isabella",
      "middle_initial": null,
      "last_name": "Torres",
      "email": "isabella_torres@netherite-extraction.onyx.app"
    }
  ],
  "secondary_owners": []
}