{
  "id": "44ae4ba2668a4e4a89f77988bca93d14",
  "semantic_identifier": "Ticket 1356380: Idempotent cluster summaries/exemplars on re-ingest",
  "title": null,
  "source": "gmail",
  "doc_updated_at": "2025-05-17",
  "metadata": {},
  "doc_metadata": null,
  "sections": [
    {
      "text": "Hi Javier,\n\nGot ticket 1356380 assigned to me. It covers making cluster summaries and \u201crepresentative examples\u201d deterministic across re-ingest (stable ordering + fixed sampling + versioned prompt/model inputs) and changing the write path to upsert per cluster instead of creating new records. I\u2019ll also add a regression test that replays the same ingestion twice and asserts identical summary text and exemplar selection.\n\nRoughly 2\u20133 days of effort, assuming no surprises in the storage/upsert path.\n\nThanks,\nAndre",
      "link": "https://www.onyx.app/demo_files/gmail/44ae4ba2668a4e4a89f77988bca93d14/0"
    },
    {
      "text": "Thanks Andre. Any risk this impacts existing clusters or requires a backfill/migration to avoid duplicates already created?",
      "link": "https://www.onyx.app/demo_files/gmail/44ae4ba2668a4e4a89f77988bca93d14/1"
    },
    {
      "text": "Main risk is existing duplicate summary/exemplar rows; the upsert change won\u2019t remove historical duplicates by itself. I\u2019m planning to key the upsert on (cluster_id, summary_version/model+prompt hash) so we stop creating new ones, and then we can decide separately if we want a one-time cleanup/backfill to collapse old duplicates. No impact to cluster membership/IDs; this is confined to summary/exemplar generation and persistence.\n\nAndre",
      "link": "https://www.onyx.app/demo_files/gmail/44ae4ba2668a4e4a89f77988bca93d14/2"
    }
  ],
  "primary_owners": [
    {
      "display_name": null,
      "first_name": "Andre",
      "middle_initial": null,
      "last_name": "Robinson",
      "email": "andre_robinson@netherite-extraction.onyx.app"
    },
    {
      "display_name": null,
      "first_name": "Javier",
      "middle_initial": null,
      "last_name": "Morales",
      "email": "javier_morales@netherite-extraction.onyx.app"
    }
  ],
  "secondary_owners": []
}