{
  "id": "1534308f1e8a45a8ad1162a42da3b711",
  "semantic_identifier": "Ticket 1880237: Risk scoring schema for slippage & loss alerts",
  "title": null,
  "source": "gmail",
  "doc_updated_at": "2025-11-18",
  "metadata": {},
  "doc_metadata": null,
  "sections": [
    {
      "text": "Hi Javier,\n\nI got ticket 1880237 assigned to me (Warning alerts v3: Create alert scoring schema for slippage & loss risk). I\u2019ll define the scoring inputs (CRM fields, activity signals, Customer Analyzer fit score) and the normalized output (risk type, score, confidence), then implement a minimal scorer behind a feature flag with unit tests and brief assumptions docs.\n\nRough effort: ~3\u20135 days depending on data availability/clarity of input definitions.\n\n-Andre",
      "link": "https://www.onyx.app/demo_files/gmail/1534308f1e8a45a8ad1162a42da3b711/0"
    },
    {
      "text": "Thanks Andre. Any dependencies or data access you need to confirm before you start (e.g., which CRM fields and where the activity signals live)?",
      "link": "https://www.onyx.app/demo_files/gmail/1534308f1e8a45a8ad1162a42da3b711/1"
    },
    {
      "text": "Yes\u2014two quick ones:\n\n1) Confirm the exact CRM fields we\u2019re allowed to use for this schema (and their source of truth), since naming/availability varies across accounts.\n2) Access/contract for activity signals + Customer Analyzer fit score (where to read them from in prod, and any latency/refresh expectations).\n\nOnce I have those confirmed, I can implement behind the flag and keep the schema stable.\n\n-Andre",
      "link": "https://www.onyx.app/demo_files/gmail/1534308f1e8a45a8ad1162a42da3b711/2"
    }
  ],
  "primary_owners": [
    {
      "display_name": null,
      "first_name": "Andre",
      "middle_initial": null,
      "last_name": "Robinson",
      "email": "andre_robinson@netherite-extraction.onyx.app"
    },
    {
      "display_name": null,
      "first_name": "Javier",
      "middle_initial": null,
      "last_name": "Morales",
      "email": "javier_morales@netherite-extraction.onyx.app"
    }
  ],
  "secondary_owners": []
}