{
  "id": "FIREFLIES_2262584",
  "semantic_identifier": "2262584 - Westgate Alloy Works - sales_call - Discussion with Levi Ray",
  "title": null,
  "source": "fireflies",
  "doc_updated_at": "2026-02-24 00:00:00",
  "metadata": {
    "meeting_date": "2026-02-24 00:00:00",
    "duration_min": "30"
  },
  "doc_metadata": {
    "hierarchy": {
      "source_path": [
        "2026-02"
      ],
      "year_month": "2026-02",
      "meeting_title": "2262584 - Westgate Alloy Works - sales_call - Discussion with Levi Ray",
      "organizer_email": "james_choi@netherite-extraction.onyx.app"
    }
  },
  "sections": [
    {
      "text": "James Choi: Hi Levi, good to see you again. Thanks for making time for a quick follow-up. Last time you mentioned you liked the idea of turning your inbound interest into more consistent action in the CRM\u2014does that still feel like the priority for Westgate Alloy Works right now?",
      "link": "https://www.onyx.app/2784750-1"
    },
    {
      "text": "Levi Ray: Yeah, it\u2019s still a priority. We\u2019re getting leads, but we\u2019re not always fast, and it\u2019s hard to tell what\u2019s real versus noise.",
      "link": "https://www.onyx.app/2784750-2"
    },
    {
      "text": "James Choi: That\u2019s exactly the gap Sales_Accelerator is built for\u2014taking what you already have in Salesforce or HubSpot and turning it into \u201cdo this next\u201d guidance and a cleaner forecast. For today, I\u2019d love to focus on two things only: the sales_forecast piece, and the initiation recommendations for inbound speed-to-lead. Does that work?",
      "link": "https://www.onyx.app/2784750-3"
    },
    {
      "text": "Levi Ray: Sure, but I\u2019ll tell you upfront\u2014tools that rely on our CRM data usually fall apart because our data isn\u2019t perfect.",
      "link": "https://www.onyx.app/2784750-4"
    },
    {
      "text": "James Choi: Totally fair. Let\u2019s start with the forecast because it\u2019s where the value is easiest to quantify. Sales_Accelerator creates an opportunity and pipeline forecast that combines stage data with activity signals\u2014emails, calls, meetings\u2014and cycle-time benchmarks. And if you\u2019re using Customer_Analyzer, it can also weight the forecast using fit scores so your Tier 1 inbound doesn\u2019t get treated the same as a marginal lead. The output is commit, best-case, and pipeline views, and it\u2019s explainable\u2014like \u201cthis slipped because stage age is high and there\u2019s no next meeting scheduled.\u201d",
      "link": "https://www.onyx.app/2784750-5"
    },
    {
      "text": "Levi Ray: The explainable part is good. But our stages are stale. Reps don\u2019t update next steps consistently, and close dates are\u2026 honestly kind of made up until the last minute. If your forecast is built on that, it\u2019s going to be wrong.",
      "link": "https://www.onyx.app/2784750-6"
    },
    {
      "text": "James Choi: That\u2019s the most common blocker, and I don\u2019t want to gloss over it. The reason we include activity signals is specifically to reduce dependence on \u201cperfect CRM hygiene.\u201d If a deal is in Stage 3 but there hasn\u2019t been a meeting, email reply, or call connection in 21 days, Sales_Accelerator will flag that as risk. Conversely, if the close date is optimistic but there\u2019s a next meeting booked and consistent engagement, the forecast driver will reflect that momentum.",
      "link": "https://www.onyx.app/2784750-7"
    },
    {
      "text": "Levi Ray: But doesn\u2019t that just create more alerts? We already have enough \u201cnudge\u201d tools. Our team ignores them.",
      "link": "https://www.onyx.app/2784750-8"
    },
    {
      "text": "James Choi: Great point\u2014alert fatigue is real. The way Sales_Accelerator avoids spamming is by focusing on a smaller set of drivers and tying alerts to specific actions. For example, instead of \u201cDeal at risk,\u201d it\u2019s \u201cNo customer meeting scheduled; recommend scheduling within 7 days based on typical cycle time for deals this size.\u201d It\u2019s meant to be actionable, not just noise.",
      "link": "https://www.onyx.app/2784750-9"
    },
    {
      "text": "Levi Ray: We\u2019d still need reps to trust it. And if it\u2019s wrong early on because our CRM is messy, they\u2019ll tune it out.",
      "link": "https://www.onyx.app/2784750-10"
    },
    {
      "text": "James Choi: That\u2019s why most teams start with a narrow rollout. For Westgate, the obvious first use case is the growth team\u2019s inbound speed-to-lead. Sales_Accelerator can prioritize high-fit inbound leads\u2014using Customer_Analyzer fit score\u2014and recommend the best first response message, then track whether faster first touch correlates with higher win rate. It\u2019s a contained motion with clear metrics: response time, meeting set rate, and conversion to SQL.",
      "link": "https://www.onyx.app/2784750-11"
    },
    {
      "text": "Levi Ray: The inbound part interests me more than forecasting, honestly. Forecasting is important, but we\u2019re not going to change our process overnight.",
      "link": "https://www.onyx.app/2784750-12"
    },
    {
      "text": "James Choi: That\u2019s fine. On inbound, the \u201cbest-next-action\u201d is very concrete: \u201cThis lead is Tier 1, respond within X minutes, here\u2019s a message tailored to their profile.\u201d Then you can see a dashboard that correlates first-touch speed with downstream outcomes so it\u2019s not just a gut feel.",
      "link": "https://www.onyx.app/2784750-13"
    },
    {
      "text": "Levi Ray: We already have routing and sequences in our sales engagement tool. So what\u2019s net-new here? Because if this is just another layer telling us to follow up, it\u2019s not going to survive internally.",
      "link": "https://www.onyx.app/2784750-14"
    },
    {
      "text": "James Choi: Net-new is prioritization plus explanation. Your engagement tool can send sequences, but it doesn\u2019t typically know which inbound is highest-fit based on your ICP and positioning, and it doesn\u2019t close the loop to outcomes in an explainable way. Sales_Accelerator sits above the stack: it consumes the fit score from Customer_Analyzer, watches the activity signals, and recommends the first touch and follow-up sequence that historically works for similar accounts.",
      "link": "https://www.onyx.app/2784750-15"
    },
    {
      "text": "Levi Ray: Maybe. But again\u2014our CRM is inconsistent, and we don\u2019t have clean historical data to train \u201cwhat works.\u201d We\u2019ve changed messaging a lot.",
      "link": "https://www.onyx.app/2784750-16"
    },
    {
      "text": "James Choi: That\u2019s a fair concern. We don\u2019t require years of pristine history to start. For inbound prioritization, you can begin with fit-tier plus basic signals like source and firmographic match, then iterate as more data comes in. The early win is usually just stopping the team from spending prime time on low-fit inbound while high-fit sits untouched.",
      "link": "https://www.onyx.app/2784750-17"
    },
    {
      "text": "Levi Ray: We also have a really specific sales cycle. We\u2019re not a standard SaaS motion. We\u2019re manufacturing\u2014deal stages don\u2019t map neatly to \u201cemails and meetings.\u201d",
      "link": "https://www.onyx.app/2784750-18"
    },
    {
      "text": "James Choi: Understood. The forecasting driver set is configurable\u2014stage conversion and cycle-time benchmarks can be based on your segments and your reality. But I don\u2019t want to oversell it; if your team isn\u2019t logging meetings or using the calendar integration, you\u2019d lose signal.",
      "link": "https://www.onyx.app/2784750-19"
    },
    {
      "text": "Levi Ray: Right now we\u2019re not consistent. Some reps log everything, some log nothing. And I\u2019m worried your system will just punish the reps who are honest and reward the ones who don\u2019t update anything.",
      "link": "https://www.onyx.app/2784750-20"
    },
    {
      "text": "James Choi: That\u2019s a legitimate risk. If the underlying activity capture isn\u2019t consistent, forecasting and risk flags can get distorted. We can pull activity from email/calendar automatically, but if your org policies or permissions don\u2019t allow that, it gets harder.",
      "link": "https://www.onyx.app/2784750-21"
    },
    {
      "text": "Levi Ray: Yeah, IT has been strict lately. Anything that reads email or calendar gets a long security review. That\u2019s another constraint.",
      "link": "https://www.onyx.app/2784750-22"
    },
    {
      "text": "James Choi: Thanks for saying that. If email/calendar access is a long cycle, then the fastest path would be the inbound prioritization using Customer_Analyzer fit scores and CRM fields you already have\u2014source, form data, lead status\u2014and then keep the forecasting piece for later once activity capture is approved.",
      "link": "https://www.onyx.app/2784750-23"
    },
    {
      "text": "Levi Ray: Even that\u2026 we\u2019d still need reps to update lead status correctly. And they don\u2019t.",
      "link": "https://www.onyx.app/2784750-24"
    },
    {
      "text": "James Choi: If lead status is unreliable, that will definitely affect the reporting and could mis-prioritize. We can mitigate with rules\u2014like \u201cnew inbound from Tier 1 always gets a task created and escalated if untouched\u201d\u2014but you\u2019re right that it\u2019s still dependent on some hygiene.",
      "link": "https://www.onyx.app/2784750-25"
    },
    {
      "text": "Levi Ray: That\u2019s kind of the theme. Everything depends on us doing the basics better. And we\u2019ve tried to fix that with process and training, but adoption is the hard part.",
      "link": "https://www.onyx.app/2784750-26"
    },
    {
      "text": "James Choi: If I\u2019m hearing you right, the value is there, but the org readiness\u2014data hygiene, integrations, adoption\u2014might not be there yet to justify a new layer.",
      "link": "https://www.onyx.app/2784750-27"
    },
    {
      "text": "Levi Ray: Exactly. I like the concept, and I can see how it could help, but I don\u2019t want to buy something and then spend six months fighting our own process.",
      "link": "https://www.onyx.app/2784750-28"
    },
    {
      "text": "James Choi: That\u2019s reasonable. The next step I\u2019d normally propose is a short pilot focused on inbound speed-to-lead for one segment, with a very small set of signals and one measurable outcome. But if you\u2019re saying adoption and IT reviews are headwinds right now, we might be forcing timing.",
      "link": "https://www.onyx.app/2784750-29"
    },
    {
      "text": "Levi Ray: Yeah. We\u2019re also in the middle of a CRM cleanup project. Leadership wants that done first, then we\u2019ll look at forecasting tools.",
      "link": "https://www.onyx.app/2784750-30"
    },
    {
      "text": "James Choi: Got it. In that case, rather than pushing a pilot, would it be helpful if I sent you a lightweight readiness checklist\u2014like the minimum CRM fields and process steps that make Sales_Accelerator actually work\u2014so your cleanup effort aligns with it? Then we can revisit once you\u2019re through that project.",
      "link": "https://www.onyx.app/2784750-31"
    },
    {
      "text": "Levi Ray: That would be helpful. But I can\u2019t commit to a timeline. Could be a quarter, could be longer.",
      "link": "https://www.onyx.app/2784750-32"
    },
    {
      "text": "James Choi: No problem. I\u2019ll send the checklist and a short summary of what we discussed\u2014specifically the inbound prioritization and the forecast drivers\u2014and you can use it internally. How about we tentatively check back in, say, six weeks, and you can tell me where the cleanup and IT review stand?",
      "link": "https://www.onyx.app/2784750-33"
    },
    {
      "text": "Levi Ray: Sure, set something up. Just keep it tentative.",
      "link": "https://www.onyx.app/2784750-34"
    },
    {
      "text": "James Choi: Will do. Appreciate the candor, Levi. I\u2019ll follow up with that doc today and a couple of examples of the inbound prioritization view so you can see what it would look like for Westgate.",
      "link": "https://www.onyx.app/2784750-35"
    },
    {
      "text": "Levi Ray: Sounds good. Thanks, James.",
      "link": "https://www.onyx.app/2784750-36"
    }
  ],
  "primary_owners": [
    {
      "display_name": null,
      "first_name": null,
      "middle_initial": null,
      "last_name": null,
      "email": "james_choi@netherite-extraction.onyx.app"
    }
  ],
  "secondary_owners": [
    {
      "display_name": null,
      "first_name": null,
      "middle_initial": null,
      "last_name": null,
      "email": "levi_ray@westgate_alloy_works.onyx.app"
    }
  ]
}