{
  "id": "FIREFLIES_3483114",
  "semantic_identifier": "3483114 - Xenith Argo Logistics - buy - Discussion with Claire Bell",
  "title": null,
  "source": "fireflies",
  "doc_updated_at": "2025-09-04 00:00:00",
  "metadata": {
    "meeting_date": "2025-09-04 00:00:00",
    "duration_min": "39"
  },
  "doc_metadata": {
    "hierarchy": {
      "source_path": [
        "2025-09"
      ],
      "year_month": "2025-09",
      "meeting_title": "3483114 - Xenith Argo Logistics - buy - Discussion with Claire Bell",
      "organizer_email": "megan_foster@netherite-extraction.onyx.app"
    }
  },
  "sections": [
    {
      "text": "Megan Foster: Hi Claire\u2014good to see you again. Does now still work for about five minutes to confirm next steps and, ideally, get this over the line?",
      "link": "https://www.onyx.app/5150268-1"
    },
    {
      "text": "Claire Bell: Yep, works for me. I\u2019m hoping we can wrap it up today if the last couple questions check out.",
      "link": "https://www.onyx.app/5150268-2"
    },
    {
      "text": "Megan Foster: Perfect. On our last call you said Xenith Argo\u2019s main goal is to validate your ICP before you scale paid acquisition, and to make sure marketing and sales are aligned on who to target and how to message\u2014still accurate?",
      "link": "https://www.onyx.app/5150268-3"
    },
    {
      "text": "Claire Bell: Exactly. We\u2019ve got decent pipeline, but it\u2019s inconsistent. We don\u2019t want to pour money into the wrong segments.",
      "link": "https://www.onyx.app/5150268-4"
    },
    {
      "text": "Megan Foster: Great. Then I\u2019ll keep this tight: there are two things Customer_Analyzer will do for you immediately. First, **fit_estimation**\u2014a 0\u2013100 fit score at the account and segment level, with a driver breakdown that shows *why* a segment scores high or low. Second, the **segment comparisons and recommended ICP profile**\u2014so you can look at SMB vs mid-market, industry slices, or tech stack slices, and see which segments convert, retain, and expand best.",
      "link": "https://www.onyx.app/5150268-5"
    },
    {
      "text": "Claire Bell: The fit score is what I\u2019m excited about. But I\u2019m also wary of \u201cblack box scoring.\u201d How transparent is it?",
      "link": "https://www.onyx.app/5150268-6"
    },
    {
      "text": "Megan Foster: Totally fair. It\u2019s not a mystery score. You define or select the drivers\u2014things like industry, size, problem severity, willingness to pay, time-to-value, adoption patterns, support burden, and churn risk signals. The output includes the score *and* a driver breakdown\u2014so you can see, for example, \u201cMid-market logistics: +18 for time-to-value, +12 for adoption, -9 for support burden,\u201d etc. You\u2019ll be able to sanity-check it and tune driver weights if needed.",
      "link": "https://www.onyx.app/5150268-7"
    },
    {
      "text": "Claire Bell: Okay. And we can do it at the segment level, not just account-by-account?",
      "link": "https://www.onyx.app/5150268-8"
    },
    {
      "text": "Megan Foster: Yes\u2014both. Most teams start with segments because that\u2019s what feeds paid acquisition and outbound strategy. Then sales uses account-level fit to prioritize.",
      "link": "https://www.onyx.app/5150268-9"
    },
    {
      "text": "Claire Bell: Makes sense. Here\u2019s one concern: our data is messy. CRM fields are inconsistent, product usage events are okay, and support tickets are in another system. How much work is it to get value?",
      "link": "https://www.onyx.app/5150268-10"
    },
    {
      "text": "Megan Foster: You\u2019ll get value even if we start with your \u201cgood enough\u201d signals. In week one, most customers start with CRM firmographics plus a couple of proxy fields\u2014like deal stage history and notes tags. Then we add product usage events and support volume as phase two. The key is: the model doesn\u2019t require perfection; it improves as signals improve. And because you\u2019re using it to validate ICP before scaling, even directional clarity is a win.",
      "link": "https://www.onyx.app/5150268-11"
    },
    {
      "text": "Claire Bell: That\u2019s what we need\u2014directional, but defensible.",
      "link": "https://www.onyx.app/5150268-12"
    },
    {
      "text": "Megan Foster: Exactly. Now, I want to address the one risk you flagged in email\u2014recommendations getting stale. That\u2019s a real issue in this category. Customer_Analyzer handles it in two ways. One: you can set a refresh cadence\u2014monthly or quarterly\u2014so fit drivers re-learn from the latest outcomes like conversion, retention, expansion. Two: we surface drift signals\u2014if a segment\u2019s conversion drops or support burden spikes, you\u2019ll see it in the driver breakdown, not six months later in churn.",
      "link": "https://www.onyx.app/5150268-13"
    },
    {
      "text": "Claire Bell: So we\u2019re not locked into a static ICP document that\u2019s outdated in a quarter.",
      "link": "https://www.onyx.app/5150268-14"
    },
    {
      "text": "Megan Foster: Exactly. Think of it as \u201cliving ICP,\u201d with evidence behind it.",
      "link": "https://www.onyx.app/5150268-15"
    },
    {
      "text": "Claire Bell: Okay. If we move forward, what does the first 30 days look like?",
      "link": "https://www.onyx.app/5150268-16"
    },
    {
      "text": "Megan Foster: Simple plan:  \n1) Connect your CRM and define initial fit drivers\u201490 minutes with you and whoever owns RevOps.  \n2) Run an initial segmentation pass: the system gives you segment comparisons and a first recommended ICP profile based on outcomes you already have.  \n3) Workshop the output with you\u2014one hour\u2014to decide: \u201cWhich two segments do we double down on for paid acquisition, and which do we deprioritize?\u201d  \nBy end of month, you\u2019ll have a clear ICP hypothesis, plus scoring to route leads and focus SDRs.",
      "link": "https://www.onyx.app/5150268-17"
    },
    {
      "text": "Claire Bell: And marketing can use the outputs directly?",
      "link": "https://www.onyx.app/5150268-18"
    },
    {
      "text": "Megan Foster: Yes. Even if you don\u2019t use every positioning recommendation right away, the fit_estimation output is immediately useful: it tells marketing where to aim spend and tells sales which inbound leads are likely to convert and stick.",
      "link": "https://www.onyx.app/5150268-19"
    },
    {
      "text": "Claire Bell: Good. Internally, the thing I need is confidence this won\u2019t become another dashboard we don\u2019t use.",
      "link": "https://www.onyx.app/5150268-20"
    },
    {
      "text": "Megan Foster: That\u2019s why we focus on just a couple of workflows to start: segment-level ICP validation and lead prioritization. If we do those two, usage sticks because it\u2019s tied to spend and pipeline, not \u201cnice-to-know analytics.\u201d",
      "link": "https://www.onyx.app/5150268-21"
    },
    {
      "text": "Claire Bell: Fair. On pricing and approval\u2014my CFO asked whether we can justify this versus just doing analysis in-house.",
      "link": "https://www.onyx.app/5150268-22"
    },
    {
      "text": "Megan Foster: Great question. The business case is usually: fewer wasted paid dollars, higher conversion, and lower CAC by targeting the segments that actually succeed. The in-house approach can work, but it\u2019s slow and tends to be a one-time project. You end up with a static spreadsheet that doesn\u2019t adapt. Here you\u2019re getting a repeatable system that updates as outcomes change\u2014so you can keep scaling without constantly re-running analysis.",
      "link": "https://www.onyx.app/5150268-23"
    },
    {
      "text": "Claire Bell: That aligns with what we discussed. We\u2019re moving fast and don\u2019t want a monthly fire drill.",
      "link": "https://www.onyx.app/5150268-24"
    },
    {
      "text": "Megan Foster: Exactly. So, to close the loop: are there any remaining decision blockers\u2014security, data access, contract terms, timing?",
      "link": "https://www.onyx.app/5150268-25"
    },
    {
      "text": "Claire Bell: Security and legal are fine. Timing is the main thing\u2014we want it in place before we ramp spend next month.",
      "link": "https://www.onyx.app/5150268-26"
    },
    {
      "text": "Megan Foster: We can meet that. If we get the order form signed this week, we can start implementation early next week and have initial segment results inside two weeks.",
      "link": "https://www.onyx.app/5150268-27"
    },
    {
      "text": "Claire Bell: Okay. One more detail: can we start with a limited set of drivers and expand? I don\u2019t want to boil the ocean.",
      "link": "https://www.onyx.app/5150268-28"
    },
    {
      "text": "Megan Foster: That\u2019s the recommended approach. Start with, say, firmographics plus one or two outcome signals\u2014like retention or expansion flags\u2014and then add product usage and support burden in the next iteration. It\u2019ll keep the project lean and still produce a strong first ICP recommendation.",
      "link": "https://www.onyx.app/5150268-29"
    },
    {
      "text": "Claire Bell: Sounds good. I\u2019m leaning yes. Can you recap what you need from me today?",
      "link": "https://www.onyx.app/5150268-30"
    },
    {
      "text": "Megan Foster: Two things: approval to move forward, and your preferred start date. If you\u2019re comfortable, I\u2019ll send the order form right after this call. Once signed, I\u2019ll intro you to our onboarding specialist and we\u2019ll schedule the driver definition session.",
      "link": "https://www.onyx.app/5150268-31"
    },
    {
      "text": "Claire Bell: Let\u2019s do it. Send the order form today\u2014start date next Tuesday if possible.",
      "link": "https://www.onyx.app/5150268-32"
    },
    {
      "text": "Megan Foster: Done. I\u2019ll send it within the hour. Last check: success criteria\u2014by end of month, you want a validated ICP for paid acquisition targeting and a fit score you can use to prioritize inbound and SDR outreach. Correct?",
      "link": "https://www.onyx.app/5150268-33"
    },
    {
      "text": "Claire Bell: Correct. If we can confidently say \u201cthese two segments are the best bets,\u201d that\u2019s a win.",
      "link": "https://www.onyx.app/5150268-34"
    },
    {
      "text": "Megan Foster: Perfect. I\u2019ll also include a one-page implementation plan with the milestones we just discussed, plus the refresh cadence recommendation so the insights don\u2019t go stale.",
      "link": "https://www.onyx.app/5150268-35"
    },
    {
      "text": "Claire Bell: Great. I\u2019ll look for it and loop in finance for signature.",
      "link": "https://www.onyx.app/5150268-36"
    },
    {
      "text": "Megan Foster: Awesome. Thanks, Claire\u2014excited to get Xenith Argo to a tighter ICP and more predictable pipeline. I\u2019ll follow up shortly with the paperwork and calendar options for Tuesday.",
      "link": "https://www.onyx.app/5150268-37"
    },
    {
      "text": "Claire Bell: Thanks, Megan. Talk soon.",
      "link": "https://www.onyx.app/5150268-38"
    }
  ],
  "primary_owners": [
    {
      "display_name": null,
      "first_name": null,
      "middle_initial": null,
      "last_name": null,
      "email": "megan_foster@netherite-extraction.onyx.app"
    }
  ],
  "secondary_owners": [
    {
      "display_name": null,
      "first_name": null,
      "middle_initial": null,
      "last_name": null,
      "email": "claire_bell@xenith_argo_logistics.onyx.app"
    }
  ]
}