{
  "id": "FIREFLIES_3853322",
  "semantic_identifier": "3853322 - Silvercanyon Capital - sales_pitch - Discussion with Selena Xie",
  "title": null,
  "source": "fireflies",
  "doc_updated_at": "2025-09-27 00:00:00",
  "metadata": {
    "meeting_date": "2025-09-27 00:00:00",
    "duration_min": "28"
  },
  "doc_metadata": {
    "hierarchy": {
      "source_path": [
        "2025-09"
      ],
      "year_month": "2025-09",
      "meeting_title": "3853322 - Silvercanyon Capital - sales_pitch - Discussion with Selena Xie",
      "organizer_email": "arjun_mehta@netherite-extraction.onyx.app"
    }
  },
  "sections": [
    {
      "text": "Arjun Mehta: Hi Selena\u2014Arjun Mehta here. Thanks for taking a few minutes. I\u2019ll keep this quick: I work with teams that are trying to get really crisp on which customers are actually their best customers and how to talk to them in a way that wins more deals.",
      "link": "https://www.onyx.app/6319671-1"
    },
    {
      "text": "Selena Xie: Hi Arjun. Sure\u2014I've got about five minutes. What are you calling about specifically?",
      "link": "https://www.onyx.app/6319671-2"
    },
    {
      "text": "Arjun Mehta: Totally. The product is called Customer_Analyzer. It pulls in signals you already have\u2014CRM fields, onboarding survey responses, product usage, support tickets, even notes from calls\u2014and turns that into a simple fit score from 0 to 100 for accounts and segments. The point is to stop treating every \u201cqualified\u201d lead the same and instead focus sales and marketing on the customers that are most likely to convert, renew, and expand.",
      "link": "https://www.onyx.app/6319671-3"
    },
    {
      "text": "Selena Xie: Okay. We\u2019re an investment firm\u2014Silvercanyon Capital. We\u2019re not exactly running a high-velocity SaaS funnel. How does this fit?",
      "link": "https://www.onyx.app/6319671-4"
    },
    {
      "text": "Arjun Mehta: Fair question. Even if you\u2019re not selling software, you still have \u201csegments\u201d you\u2019re engaging\u2014portfolio companies, targets, co-invest partners, founders\u2014whatever your internal taxonomy is. Where this tends to help is when teams are debating \u201cwhich type do we lean into\u201d and why. Customer_Analyzer\u2019s fit_estimation feature lets you define fit drivers\u2014things like industry, size, problem severity, willingness to pay, time-to-value, adoption signals\u2014and it produces both the score and the breakdown of what\u2019s driving it up or down. So instead of opinions, you get an evidence-backed view of what \u201cbest fit\u201d looks like.",
      "link": "https://www.onyx.app/6319671-5"
    },
    {
      "text": "Selena Xie: But we don\u2019t have product usage events or churn. And we\u2019re not trying to \u201cposition\u201d a product.",
      "link": "https://www.onyx.app/6319671-6"
    },
    {
      "text": "Arjun Mehta: That makes sense. You wouldn\u2019t use every signal type. Some customers start with just CRM fields plus qualitative notes\u2014what you hear in diligence calls, post-investment check-ins, support-style requests from portfolio teams. The system can ingest those as structured or semi-structured signals. And on positioning\u2014think of it less as \u201cmarketing copy\u201d and more as a consistent narrative: what we\u2019re best at, who we\u2019re best for, and how we respond when someone says \u201cwe don\u2019t need that\u201d or \u201cwe\u2019re different.\u201d",
      "link": "https://www.onyx.app/6319671-7"
    },
    {
      "text": "Selena Xie: We already have some of that. And candidly, we\u2019re trying to reduce tool sprawl. Another analytics platform is a tough sell.",
      "link": "https://www.onyx.app/6319671-8"
    },
    {
      "text": "Arjun Mehta: I hear you. Let me narrow it to one concrete use case we see a lot: sales enablement\u2014building an objection-handling guide tied to the strongest value drivers for best-fit accounts. Even in relationship-driven orgs, people still get the same pushbacks: \u201cwhy you,\u201d \u201cwhy now,\u201d \u201cwhy this approach.\u201d Customer_Analyzer uses the fit drivers to identify what actually correlates with positive outcomes, then suggests proof points and objection responses tailored to those drivers. That way your team isn\u2019t relying on tribal knowledge.",
      "link": "https://www.onyx.app/6319671-9"
    },
    {
      "text": "Selena Xie: We don\u2019t really have a sales team that needs an objection guide. We have partners and principals who have their own style. I\u2019m not sure they\u2019d adopt something like that.",
      "link": "https://www.onyx.app/6319671-10"
    },
    {
      "text": "Arjun Mehta: That\u2019s totally valid. In orgs like yours, I\u2019ve seen it used more as a \u201ccommon language\u201d tool rather than a script\u2014something that helps newer team members ramp faster, and helps everyone align on what patterns matter. The fit_estimation output is also useful for prioritization: if you have multiple initiatives competing for attention, you can compare segments\u2014say, early-stage vs growth-stage\u2014or compare different archetypes and see what\u2019s historically led to stronger outcomes.",
      "link": "https://www.onyx.app/6319671-11"
    },
    {
      "text": "Selena Xie: That assumes we have a lot of historical outcomes in a format that you can use. We\u2019re pretty relationship- and memo-driven. Not sure the data is there.",
      "link": "https://www.onyx.app/6319671-12"
    },
    {
      "text": "Arjun Mehta: That\u2019s one of the first things we validate. We don\u2019t need perfect data, but we do need enough signal to get to meaningful drivers\u2014like a consistent way to tag opportunities, outcomes, follow-on engagement, types of requests, time-to-decision, that kind of thing. If it\u2019s all in unstructured memos with no consistency, it becomes a heavier lift.",
      "link": "https://www.onyx.app/6319671-13"
    },
    {
      "text": "Selena Xie: Right. And we\u2019re not going to run a big data cleanup project. Also, we\u2019re in budgeting season\u2014timing is rough.",
      "link": "https://www.onyx.app/6319671-14"
    },
    {
      "text": "Arjun Mehta: Understood. The reason I reached out is I saw Silvercanyon doing more platform-oriented work and thought there might be an interest in systematizing what \u201cgood fit\u201d looks like across portfolio support. But if timing and data readiness aren\u2019t there, it may not be a fit right now.",
      "link": "https://www.onyx.app/6319671-15"
    },
    {
      "text": "Selena Xie: Yeah, I think that\u2019s where I\u2019m landing. It\u2019s interesting, but it feels like it\u2019s built more for SaaS go-to-market teams. We\u2019re trying to keep things lean and focus on core systems.",
      "link": "https://www.onyx.app/6319671-16"
    },
    {
      "text": "Arjun Mehta: That\u2019s fair. Before I let you go, can I ask one quick question to make sure I\u2019m not missing a better angle? Is there any recurring decision your team makes\u2014like which founders to prioritize time with, which portfolio requests to staff, or which types of opportunities to pursue\u2014where you feel like you\u2019re relying too much on gut and would want a more consistent scoring model?",
      "link": "https://www.onyx.app/6319671-17"
    },
    {
      "text": "Selena Xie: Not enough to justify a new vendor, honestly. We\u2019ve got internal frameworks, and the senior team makes the calls. For portfolio support requests, it\u2019s mostly triage by urgency and partner preference.",
      "link": "https://www.onyx.app/6319671-18"
    },
    {
      "text": "Arjun Mehta: Got it. In that case, it probably doesn\u2019t make sense to push for a longer demo. What I can do is send a one-pager showing how the fit score and driver breakdown work\u2014just so you have it on hand if priorities shift.",
      "link": "https://www.onyx.app/6319671-19"
    },
    {
      "text": "Selena Xie: You can send it, sure. But I don\u2019t want to commit to a follow-up call.",
      "link": "https://www.onyx.app/6319671-20"
    },
    {
      "text": "Arjun Mehta: Completely fine. I\u2019ll send a short overview\u2014no attachments if you prefer, just a link\u2014and I\u2019ll include a sample fit score breakdown so it\u2019s tangible. If at any point you\u2019re trying to standardize how your team defines \u201cbest fit\u201d across categories, you can ping me.",
      "link": "https://www.onyx.app/6319671-21"
    },
    {
      "text": "Selena Xie: Okay. Send it to my email. Anything else?",
      "link": "https://www.onyx.app/6319671-22"
    },
    {
      "text": "Arjun Mehta: That\u2019s it. Thanks for the time, Selena. I\u2019ll keep it concise and won\u2019t spam you.",
      "link": "https://www.onyx.app/6319671-23"
    },
    {
      "text": "Selena Xie: Appreciate it. Bye.",
      "link": "https://www.onyx.app/6319671-24"
    }
  ],
  "primary_owners": [
    {
      "display_name": null,
      "first_name": null,
      "middle_initial": null,
      "last_name": null,
      "email": "arjun_mehta@netherite-extraction.onyx.app"
    }
  ],
  "secondary_owners": [
    {
      "display_name": null,
      "first_name": null,
      "middle_initial": null,
      "last_name": null,
      "email": "selena_xie@silvercanyon_capital.onyx.app"
    }
  ]
}