{
  "id": "FIREFLIES_9748565",
  "semantic_identifier": "9748565 - Wavelink Marine Systems - sales_call - Discussion with Joaquin Bennett",
  "title": null,
  "source": "fireflies",
  "doc_updated_at": "2025-09-04 00:00:00",
  "metadata": {
    "meeting_date": "2025-09-04 00:00:00",
    "duration_min": "34"
  },
  "doc_metadata": {
    "hierarchy": {
      "source_path": [
        "2025-09"
      ],
      "year_month": "2025-09",
      "meeting_title": "9748565 - Wavelink Marine Systems - sales_call - Discussion with Joaquin Bennett",
      "organizer_email": "mina_park@netherite-extraction.onyx.app"
    }
  },
  "sections": [
    {
      "text": "Mina Park: Hi Joaquin\u2014good to see you again. Last time you mentioned you\u2019re getting decent inbound interest, but the sales team is spending a lot of cycles on deals that end up stalling. I\u2019d love to use today to show how Customer_Analyzer can sharpen your messaging for the segments that actually convert, and get you to something you can roll out to the team quickly. Does that still line up with what you\u2019re trying to solve at Wavelink Marine Systems?",
      "link": "https://www.onyx.app/6250955-1"
    },
    {
      "text": "Joaquin Bennett: Yeah, that\u2019s right. We have a handful of wins we feel good about, but the reps aren\u2019t consistent in how they pitch, and objections vary a lot. If you can help us standardize what works, I\u2019m interested.",
      "link": "https://www.onyx.app/6250955-2"
    },
    {
      "text": "Mina Park: Perfect. I\u2019m going to focus on one piece today: our positioning_recommendation feature, specifically for sales enablement\u2014building an objection-handling guide tied to your strongest value drivers for best-fit accounts. The idea is: we ingest the signals you already have\u2014CRM fields, onboarding survey notes, maybe a few product usage events if you have them\u2014and we generate segment-specific messaging blocks your team can actually use.",
      "link": "https://www.onyx.app/6250955-3"
    },
    {
      "text": "Joaquin Bennett: When you say \u201csignals,\u201d our CRM data is\u2026 not perfect. Fields are missing, and tagging is inconsistent. That\u2019s one reason we haven\u2019t done a ton of segmentation work.",
      "link": "https://www.onyx.app/6250955-4"
    },
    {
      "text": "Mina Park: That\u2019s a really common starting point, and it\u2019s actually one of the reasons teams like yours use us. Two things. First, we\u2019re not asking you to boil the ocean on day one\u2014we can start with a small set of reliable fields and a subset of accounts you feel confident about. Second, the recommendations are linked back to the evidence we used, so if the system is leaning too hard on a shaky field, you\u2019ll see it and can adjust. If we start with, say, your last 30 closed-won and 30 closed-lost, plus any notes you have on why they won or lost, we can generate a first pass that\u2019s directionally useful even before you clean everything up.",
      "link": "https://www.onyx.app/6250955-5"
    },
    {
      "text": "Joaquin Bennett: Okay. I like the \u201cdirectionally useful\u201d part, but I don\u2019t want to ship messaging to the team that\u2019s based on bad assumptions. What does the output actually look like?",
      "link": "https://www.onyx.app/6250955-6"
    },
    {
      "text": "Mina Park: Totally fair. The output is a set of editable messaging blocks per prioritized segment. So for a segment\u2014let\u2019s say \u201cfleet operators with compliance requirements\u201d versus \u201csmaller marinas modernizing systems\u201d\u2014Customer_Analyzer generates: a value proposition, the top use cases we see in the data and language, differentiators, proof points to collect, pricing/value framing notes, and then an objection-handling playbook. And it\u2019s not a generic template\u2014it uses the observed customer language from your sources. If your customers keep saying \u201cuptime\u201d or \u201caudit readiness\u201d or \u201creduce manual reporting,\u201d those phrases show up in the recommended positioning.",
      "link": "https://www.onyx.app/6250955-7"
    },
    {
      "text": "Joaquin Bennett: The objection-handling playbook is the part I care about most. We see a lot of \u201cthis seems expensive,\u201d and \u201cwe already have something in place,\u201d and then the reps kind of freestyle.",
      "link": "https://www.onyx.app/6250955-8"
    },
    {
      "text": "Mina Park: Exactly. What we\u2019d do is tie those objections to the strongest fit drivers for the segment. So for \u201calready have something,\u201d the playbook might recommend a differentiator like \u201cintegrates with existing fleet maintenance tools without replacing them,\u201d and then a proof point to collect\u2014maybe a short case snippet from an account that migrated in phases. For \u201ctoo expensive,\u201d it\u2019ll guide the rep to value framing: what cost buckets you reduce\u2014downtime, compliance penalties, manual labor\u2014and what metrics to ask for on discovery to quantify it.",
      "link": "https://www.onyx.app/6250955-9"
    },
    {
      "text": "Joaquin Bennett: That would help. But we don\u2019t have a lot of clean proof points. We\u2019ve got a couple of anecdotes, not a library.",
      "link": "https://www.onyx.app/6250955-10"
    },
    {
      "text": "Mina Park: That\u2019s normal, and we don\u2019t pretend you have everything today. The system actually outputs \u201cproof points to collect\u201d as a checklist, so you can turn it into a lightweight enablement project. For example: \u201ccollect time-to-onboard,\u201d \u201ccollect reduction in support tickets,\u201d \u201ccollect compliance reporting time saved.\u201d Then as you get those, you can drop them back into the messaging blocks. The key is you\u2019re not starting from scratch, and you\u2019re not relying on one rep\u2019s favorite story.",
      "link": "https://www.onyx.app/6250955-11"
    },
    {
      "text": "Joaquin Bennett: Makes sense. How fast can we get something usable? We have a Q1 push coming up and I don\u2019t want a two-month implementation.",
      "link": "https://www.onyx.app/6250955-12"
    },
    {
      "text": "Mina Park: If we keep the scope tight, we can move quickly. A typical path for a second call like this is: in week one, we connect CRM and import a small set of fields, plus upload any win/loss notes or call summaries you\u2019re comfortable sharing. In week two, we generate the first set of positioning recommendations and objection handling for one or two priority segments. Then you run it with two reps for a week, gather feedback, and iterate. You can have a usable playbook draft in about 10 business days.",
      "link": "https://www.onyx.app/6250955-13"
    },
    {
      "text": "Joaquin Bennett: And the data quality issue\u2014are we going to hit a wall if our CRM is messy?",
      "link": "https://www.onyx.app/6250955-14"
    },
    {
      "text": "Mina Park: You won\u2019t hit a wall, but you\u2019ll see accuracy improve as data improves. What I\u2019d propose is we define \u201cminimum viable inputs\u201d for the pilot: deal stage history, industry/segment tags if you have them, deal size, and at least some notes on reasons won/lost. If tagging is inconsistent, we can create an interim mapping\u2014basically normalize the tags you do have. The system will also flag missingness\u2014so if \u201cfleet size\u201d is empty on 70% of records, we won\u2019t overweight it.",
      "link": "https://www.onyx.app/6250955-15"
    },
    {
      "text": "Joaquin Bennett: That\u2019s reassuring. Another concern: our sales team hates new tools. If this becomes another dashboard they never open, it won\u2019t stick.",
      "link": "https://www.onyx.app/6250955-16"
    },
    {
      "text": "Mina Park: Totally. That\u2019s why I\u2019m focusing on outputs your team already uses: a one-page objection-handling guide and messaging blocks you can paste into your existing sales deck and email sequences. Customer_Analyzer can be the \u201csource of truth,\u201d but the reps don\u2019t have to live inside it. You can export the playbook, or we can help you format it into your enablement wiki. The adoption lever is: reps feel like it helps them win faster, not like it\u2019s a reporting requirement.",
      "link": "https://www.onyx.app/6250955-17"
    },
    {
      "text": "Joaquin Bennett: Okay. If we did this, what are you asking us to commit to right now?",
      "link": "https://www.onyx.app/6250955-18"
    },
    {
      "text": "Mina Park: For today, I\u2019d like to align on a pilot that gets you to a buying decision. Specifically: pick two segments you care about, generate positioning recommendations and an objection-handling guide for each, and run it with a couple reps. If, after that, you see improvement in consistency and shorter time-to-confidence on calls, we move to a broader rollout. To kick that off, I\u2019d need: (1) access to your CRM or an export, (2) 30 minutes with you or someone on your team to confirm which segments matter most, and (3) any existing call notes, survey responses, or win/loss summaries you can share\u2014even if they\u2019re imperfect.",
      "link": "https://www.onyx.app/6250955-19"
    },
    {
      "text": "Joaquin Bennett: Two segments is doable. I\u2019d pick \u201clarge fleet operators\u201d and \u201cport authorities.\u201d Those have different objections and buying committees.",
      "link": "https://www.onyx.app/6250955-20"
    },
    {
      "text": "Mina Park: Great picks\u2014those will show clear differences in drivers and messaging. For large fleet operators, we\u2019ll likely see operational efficiency and uptime language; for port authorities, we may see compliance, procurement, and auditability. The objection-handling will reflect that\u2014so reps aren\u2019t using the same \u201cROI\u201d story everywhere.",
      "link": "https://www.onyx.app/6250955-21"
    },
    {
      "text": "Joaquin Bennett: Pricing\u2014how is the pilot structured? I don\u2019t want a big annual commitment without proof.",
      "link": "https://www.onyx.app/6250955-22"
    },
    {
      "text": "Mina Park: We can structure it as a paid pilot that rolls into annual if you choose, or as an annual with a clear success checkpoint at 30 days. Given your Q1 timing, I\u2019d recommend the paid pilot: 30 days, scoped to those two segments and the enablement outputs. At the end, we review the deliverables and what your reps observed\u2014did objections get handled more consistently, did deals progress faster, and did messaging resonate more in early-stage calls.",
      "link": "https://www.onyx.app/6250955-23"
    },
    {
      "text": "Joaquin Bennett: I\u2019m leaning toward that. If you can keep it lightweight and not require a data cleanup project first, I\u2019m willing to try.",
      "link": "https://www.onyx.app/6250955-24"
    },
    {
      "text": "Mina Park: That\u2019s exactly the plan\u2014lightweight inputs, fast outputs, and a clear path to improve accuracy over time. Next step: I\u2019ll send a one-page pilot plan today\u2014scope, required data fields, timeline, and success criteria. Can we tentatively schedule a 45-minute working session early next week to confirm segments, map your CRM fields, and identify the win/loss notes you want included?",
      "link": "https://www.onyx.app/6250955-25"
    },
    {
      "text": "Joaquin Bennett: Yes\u2014Tuesday morning works. Send me the plan and I\u2019ll loop in our sales ops person just for the data export, but I\u2019ll stay the main point of contact.",
      "link": "https://www.onyx.app/6250955-26"
    },
    {
      "text": "Mina Park: Perfect. I\u2019ll send the pilot plan and a short checklist of the minimum data we need. And on Tuesday, we\u2019ll aim to leave with: segments locked, data export in motion, and a date for the first positioning and objection-handling draft review. Sound good?",
      "link": "https://www.onyx.app/6250955-27"
    },
    {
      "text": "Joaquin Bennett: Sounds good. If you can get us something reps will actually use before the Q1 push, we\u2019re in a great spot.",
      "link": "https://www.onyx.app/6250955-28"
    },
    {
      "text": "Mina Park: That\u2019s the goal. I\u2019ll get that over to you today\u2014talk Tuesday, Joaquin.",
      "link": "https://www.onyx.app/6250955-29"
    }
  ],
  "primary_owners": [
    {
      "display_name": null,
      "first_name": null,
      "middle_initial": null,
      "last_name": null,
      "email": "mina_park@netherite-extraction.onyx.app"
    }
  ],
  "secondary_owners": [
    {
      "display_name": null,
      "first_name": null,
      "middle_initial": null,
      "last_name": null,
      "email": "joaquin_bennett@wavelink_marine_systems.onyx.app"
    }
  ]
}