{
  "id": "FIREFLIES_9808771",
  "semantic_identifier": "9808771 - Terraspire Energy - sales_call - Discussion with Max Chavez",
  "title": null,
  "source": "fireflies",
  "doc_updated_at": "2025-09-27 00:00:00",
  "metadata": {
    "meeting_date": "2025-09-27 00:00:00",
    "duration_min": "28"
  },
  "doc_metadata": {
    "hierarchy": {
      "source_path": [
        "2025-09"
      ],
      "year_month": "2025-09",
      "meeting_title": "9808771 - Terraspire Energy - sales_call - Discussion with Max Chavez",
      "organizer_email": "sneha_reddy@netherite-extraction.onyx.app"
    }
  },
  "sections": [
    {
      "text": "Sneha Reddy: Max, great to see you again. Thanks for making time for a second chat. Last time you mentioned Terraspire\u2019s reps are living in Salesforce, but forecasting still feels like a \u201cgut check\u201d at the end of the month. I\u2019d love to focus today on one thing: how Sales_Accelerator tightens forecast accuracy and cleans pipeline hygiene automatically\u2014so you feel confident committing numbers.",
      "link": "https://www.onyx.app/8564500-1"
    },
    {
      "text": "Max Chavez: Yeah, that\u2019s exactly it. We spend a ton of time in forecast calls arguing about what\u2019s real. And the pipeline hygiene piece\u2014stale opps, missing next steps\u2014that\u2019s a constant battle.",
      "link": "https://www.onyx.app/8564500-2"
    },
    {
      "text": "Sneha Reddy: Perfect. Let me anchor on the workflow your managers care about: a weekly pipeline review where instead of hunting for problems, you get alerts and a prioritized fix list. Sales_Accelerator looks at your CRM stage data plus activity signals\u2014like last touch, whether a next meeting is scheduled, stage age\u2014then flags risk and gives reps a \u201ctop 10\u201d task queue to fix the pipeline health drivers that most impact forecast.",
      "link": "https://www.onyx.app/8564500-3"
    },
    {
      "text": "Max Chavez: When you say \u201cactivity signals,\u201d what exactly are you pulling? Emails? Call notes? We\u2019re pretty careful about privacy and retention.",
      "link": "https://www.onyx.app/8564500-4"
    },
    {
      "text": "Sneha Reddy: Totally fair, and it comes up a lot. You can choose the level of data access. At the simplest level, we only use metadata and CRM fields\u2014dates of last activity, meeting on calendar, logged calls, stage age\u2014without parsing content. If you want deeper risk signals, we can optionally parse call notes or email text, but it\u2019s configurable with consent, retention controls, and redaction for PII. Many customers start with \u201cmetadata-only\u201d to get value fast, then expand later if compliance signs off.",
      "link": "https://www.onyx.app/8564500-5"
    },
    {
      "text": "Max Chavez: That\u2019s good. If we can start without content parsing, that\u2019s much easier for me to get through InfoSec. So how does the forecasting part actually differ from what Salesforce already gives us?",
      "link": "https://www.onyx.app/8564500-6"
    },
    {
      "text": "Sneha Reddy: Great question. Salesforce forecasting is mostly stage-based and manual judgment. Sales_Accelerator adds explainable drivers. For each opportunity and for the whole pipeline, you get commit / best-case / pipeline views, but they\u2019re weighted by signals like: how long the deal has been in stage compared to your benchmark cycle time, whether there\u2019s been recent engagement, whether there\u2019s a next meeting on the books, and historical win rates for similar deals. So when a rep says \u201cthis is commit,\u201d the system can say \u201chere\u2019s why that\u2019s likely\u201d or \u201chere\u2019s why it\u2019s slipping.\u201d",
      "link": "https://www.onyx.app/8564500-7"
    },
    {
      "text": "Max Chavez: The explainable part matters. Our leadership team hates black boxes. They\u2019ll ask \u201cwhy did this number move?\u201d every single week.",
      "link": "https://www.onyx.app/8564500-8"
    },
    {
      "text": "Sneha Reddy: Exactly. In the forecast view, you can click into the drivers. Example: \u201cStage age is 2x normal,\u201d \u201cLast touch was 14 days ago,\u201d \u201cNo next step scheduled,\u201d \u201cSingle-threaded\u2014only one contact engaged.\u201d And it\u2019s not just diagnostic\u2014Sales_Accelerator turns that into actions. It\u2019ll tell the rep: schedule a next meeting, confirm decision process, add a second stakeholder, update close date based on observed cycle time. Managers see aggregated patterns: \u201cRep A has 12 opps with no next step,\u201d or \u201cSegment X is slipping at stage 3.\u201d",
      "link": "https://www.onyx.app/8564500-9"
    },
    {
      "text": "Max Chavez: That pipeline hygiene automation is appealing. Right now we do it manually in a spreadsheet before the pipeline call. But how does it decide the \u201ctop 10 fixes\u201d? My team will push back if it feels arbitrary.",
      "link": "https://www.onyx.app/8564500-10"
    },
    {
      "text": "Sneha Reddy: The ranking is based on impact to forecast health and likelihood of improving outcomes. So it prioritizes fixes that historically correlate with conversion\u2014like getting a next meeting scheduled, reducing stage staleness, addressing single-thread risk. And it\u2019s explainable too. A rep sees: \u201cFix #1 because this deal is high value, in late stage, and has no next meeting\u2014high risk, high impact.\u201d It\u2019s basically taking what your best managers do mentally and making it consistent across the team.",
      "link": "https://www.onyx.app/8564500-11"
    },
    {
      "text": "Max Chavez: Got it. Last time, we also talked briefly about fit scoring from our earlier ICP work. Does Sales_Accelerator use that, or is that separate?",
      "link": "https://www.onyx.app/8564500-12"
    },
    {
      "text": "Sneha Reddy: It can use it. Sales_Accelerator integrates with Customer_Analyzer rather than recreating ICP and positioning. So if you\u2019re already generating fit scores and positioning blocks in Customer_Analyzer, Sales_Accelerator can consume that as a weighting factor in forecasts and prioritization. For example, your Tier 1 ICP deals get more attention in the queue and in scenario planning\u2014like \u201cif we add 20 SQLs in Tier 1, what\u2019s the expected impact on revenue this quarter?\u201d",
      "link": "https://www.onyx.app/8564500-13"
    },
    {
      "text": "Max Chavez: Scenario planning is interesting. We\u2019re trying to decide whether to shift outbound more toward a couple of segments. But I\u2019m cautious\u2014if the fit score is off, the weighting could skew forecasts.",
      "link": "https://www.onyx.app/8564500-14"
    },
    {
      "text": "Sneha Reddy: Completely reasonable. Two things there: first, weighting by fit is optional\u2014you can start with activity + stage signals only. Second, even when you include fit, you can tune the influence so it doesn\u2019t overwhelm actual deal behavior. And because forecasts are driver-based, you\u2019ll see whether the fit tier is influencing the output versus cycle time or engagement. That visibility makes it safer than a hidden multiplier.",
      "link": "https://www.onyx.app/8564500-15"
    },
    {
      "text": "Max Chavez: Makes sense. Operationally, what\u2019s the lift? My ops team is stretched. If this requires months of customization, it\u2019ll stall.",
      "link": "https://www.onyx.app/8564500-16"
    },
    {
      "text": "Sneha Reddy: The fastest path is light. We connect to Salesforce, map stages, and pull standard activity fields. Then we set benchmarks using your historical cycle times and win rates. For the pipeline hygiene use case, we can start with a baseline set of alerts: missing next steps, stale opps, and single-threaded deals. That gets you value in a couple of weeks, not months. The deeper stuff\u2014content parsing, more complex sequences\u2014can come later.",
      "link": "https://www.onyx.app/8564500-17"
    },
    {
      "text": "Max Chavez: Okay. Let me push once more on compliance: if we did decide later to parse call notes, would the data be stored long-term? We have retention rules, and we can\u2019t keep customer PII forever.",
      "link": "https://www.onyx.app/8564500-18"
    },
    {
      "text": "Sneha Reddy: Understood. You can set retention windows, and we can process and store derived signals rather than raw content. For example, keep \u201crisk flag: no next step\u201d and \u201cengagement score,\u201d without storing the full note. And if you want, we can keep everything inside your environment depending on your setup. For next steps, I\u2019d suggest we start metadata-only, and I\u2019ll bring our security one-pager plus a short checklist your InfoSec team can review.",
      "link": "https://www.onyx.app/8564500-19"
    },
    {
      "text": "Max Chavez: That would help. If we can show value without content, it\u2019s a much easier internal sell.",
      "link": "https://www.onyx.app/8564500-20"
    },
    {
      "text": "Sneha Reddy: Great. If we zoom out: the outcome you told me you want is fewer end-of-quarter surprises and shorter, more productive forecast calls. The way we get there is: (1) explainable forecasting at opp and pipeline level, and (2) weekly pipeline hygiene that\u2019s automated, with reps getting a ranked list of fixes. Does that align with what you\u2019d want to pilot?",
      "link": "https://www.onyx.app/8564500-21"
    },
    {
      "text": "Max Chavez: Yes. If we can prove it reduces the noise in our forecast meeting and improves hygiene, that\u2019s a win.",
      "link": "https://www.onyx.app/8564500-22"
    },
    {
      "text": "Sneha Reddy: Awesome. Here\u2019s what I propose: a 30-day pilot with one team\u2014say, 8\u201310 reps plus you and the manager. Success criteria: decrease the count of stale opps and opps without next steps by, say, 30%, and improve forecast stability week-over-week\u2014meaning fewer big swings between commit and actuals. We\u2019ll review weekly for 15 minutes and adjust the alert thresholds.",
      "link": "https://www.onyx.app/8564500-23"
    },
    {
      "text": "Max Chavez: That\u2019s pretty reasonable. What do you need from us to start?",
      "link": "https://www.onyx.app/8564500-24"
    },
    {
      "text": "Sneha Reddy: Two things. First, access to a Salesforce sandbox or a limited-prod integration\u2014whatever your ops prefers. Second, a quick working session with you or your ops lead to confirm stage definitions and what \u201cstale\u201d means at Terraspire\u2014like 14 days with no activity versus 21. If you\u2019re comfortable, we can also pull historical opportunity data to set the cycle-time benchmarks.",
      "link": "https://www.onyx.app/8564500-25"
    },
    {
      "text": "Max Chavez: I can loop in our RevOps manager after this. If you send me that security one-pager and the pilot outline, I can get the integration discussion going.",
      "link": "https://www.onyx.app/8564500-26"
    },
    {
      "text": "Sneha Reddy: Perfect. I\u2019ll send a one-page pilot plan with the success metrics, plus the privacy/compliance details showing the metadata-only option and retention controls. Then, let\u2019s tentatively put a kickoff on the calendar for next week\u2014does Tuesday or Wednesday work?",
      "link": "https://www.onyx.app/8564500-27"
    },
    {
      "text": "Max Chavez: Wednesday morning works better.",
      "link": "https://www.onyx.app/8564500-28"
    },
    {
      "text": "Sneha Reddy: Great\u2014Wednesday morning it is. I\u2019ll send the invite right after this. Last question: if the pilot hits those hygiene and forecast stability targets, are you expecting to roll it out team-wide in the next quarter?",
      "link": "https://www.onyx.app/8564500-29"
    },
    {
      "text": "Max Chavez: If it does what you\u2019re describing, yes. We\u2019re actively looking for something to standardize this. I just need the pilot to be clean and low-drama from a compliance standpoint.",
      "link": "https://www.onyx.app/8564500-30"
    },
    {
      "text": "Sneha Reddy: Totally. We\u2019ll keep it clean: metadata-only to start, tight scope, clear metrics. I\u2019ll follow up within the hour with the docs and the calendar invite.",
      "link": "https://www.onyx.app/8564500-31"
    },
    {
      "text": "Max Chavez: Sounds good. Thanks, Sneha.",
      "link": "https://www.onyx.app/8564500-32"
    }
  ],
  "primary_owners": [
    {
      "display_name": null,
      "first_name": null,
      "middle_initial": null,
      "last_name": null,
      "email": "sneha_reddy@netherite-extraction.onyx.app"
    }
  ],
  "secondary_owners": [
    {
      "display_name": null,
      "first_name": null,
      "middle_initial": null,
      "last_name": null,
      "email": "max_chavez@terraspire_energy.onyx.app"
    }
  ]
}