{
  "id": "3046214",
  "semantic_identifier": "[GOLD-162]: Add segment-based impact slicing on issues/themes using Customer_Analyzer segment IDs",
  "title": "Add segment-based impact slicing on issues/themes using Customer_Analyzer segment IDs",
  "source": "linear",
  "doc_updated_at": "2025-07-03",
  "metadata": {
    "team": "engineering",
    "creator": {
      "name": "kenji_watanabe",
      "email": "kenji_watanabe@netherite-extraction.onyx.app"
    },
    "assignee": {
      "name": "ryan_murphy",
      "email": "ryan_murphy@netherite-extraction.onyx.app"
    },
    "state": "cancelled",
    "priority": "high",
    "created_at": "2025-07-03"
  },
  "doc_metadata": null,
  "sections": [
    {
      "text": "Implement backend aggregation to break down each issue/theme\u2019s impacted customers by Customer_Analyzer segment_id (and include fit_tier where available) without introducing new ICP logic. Expose this breakdown via the Issue_Tracker API/DB fields so downstream UI/analytics can query it consistently. Ensure accounts with missing/unknown segment_id/fit_tier are grouped into an explicit \u201cunknown\u201d bucket and do not block overall impact calculations.",
      "link": "https://www.onyx.app/81241"
    }
  ],
  "primary_owners": [],
  "secondary_owners": []
}