{
  "id": "5610633",
  "semantic_identifier": "[GOLD-27]: Add explicit success metric definition & weighting to Fit Score configuration",
  "title": "Add explicit success metric definition & weighting to Fit Score configuration",
  "source": "linear",
  "doc_updated_at": "2025-06-05",
  "metadata": {
    "team": "engineering",
    "creator": {
      "name": "sofia_ramirez",
      "email": "sofia_ramirez@netherite-extraction.onyx.app"
    },
    "assignee": {
      "name": "kevin_sullivan",
      "email": "kevin_sullivan@netherite-extraction.onyx.app"
    },
    "state": "done",
    "priority": "high",
    "created_at": "2025-06-05"
  },
  "doc_metadata": null,
  "sections": [
    {
      "text": "Introduce a required \u201cSuccess Metric\u201d field in segment/model configuration that defines what the Fit Score is optimizing (e.g., retention, expansion, win rate) and allows weighting if multiple metrics are selected. Persist the definition with the model version and surface it alongside the Fit Score in the UI so all teams see the same objective. This reduces metric disagreements by making the optimization target explicit and auditable.",
      "link": "https://www.onyx.app/29361"
    }
  ],
  "primary_owners": [],
  "secondary_owners": []
}