{
  "id": "2550486",
  "semantic_identifier": "[GOLD-7]: [BUG][Ticket 4/5] Wire inline positioning template edits to save/update via segment-scoped API",
  "title": "[BUG][Ticket 4/5] Wire inline positioning template edits to save/update via segment-scoped API",
  "source": "linear",
  "doc_updated_at": "2025-05-11",
  "metadata": {
    "team": "engineering",
    "creator": {
      "name": "kenji_watanabe",
      "email": "kenji_watanabe@netherite-extraction.onyx.app"
    },
    "assignee": {
      "name": "andre_robinson",
      "email": "andre_robinson@netherite-extraction.onyx.app"
    },
    "state": "done",
    "priority": "low",
    "created_at": "2025-05-11"
  },
  "doc_metadata": null,
  "sections": [
    {
      "text": "Connect the inline editing UI (GOLD-6) to the positioning template CRUD API (GOLD-4) so changes can be persisted per segment. Implement save/cancel behavior with proper dirty-state reset, server-side validation error display, and toast/inline feedback on success/failure. Ensure the UI refreshes from the server response after save and preserves default templates when no custom template exists.",
      "link": "https://www.onyx.app/28955"
    }
  ],
  "primary_owners": [],
  "secondary_owners": []
}