{
  "id": "1441743",
  "semantic_identifier": "[GOLD-47]: Implement fit score drift monitoring and alerting",
  "title": "Implement fit score drift monitoring and alerting",
  "source": "linear",
  "doc_updated_at": "2025-12-03",
  "metadata": {
    "team": "engineering",
    "creator": {
      "name": "kenji_watanabe",
      "email": "kenji_watanabe@netherite-extraction.onyx.app"
    },
    "assignee": {
      "name": "jiwon_kang",
      "email": "jiwon_kang@netherite-extraction.onyx.app"
    },
    "state": "done",
    "priority": "high",
    "created_at": "2025-12-03"
  },
  "doc_metadata": null,
  "sections": [
    {
      "text": "Add automated monitoring to detect model drift in fit score outputs by tracking key distribution and performance metrics (e.g., score distribution shifts, calibration/segment lift on labeled outcomes where available). Define drift thresholds and trigger alerts to Slack/email with links to the affected model version, segment, and time window. Store drift events for later audit and to inform retraining decisions.",
      "link": "https://www.onyx.app/90990"
    }
  ],
  "primary_owners": [],
  "secondary_owners": []
}