{
  "id": "6082904",
  "semantic_identifier": "[GOLD-171]: Add field-level ownership metadata for tags and priority changes",
  "title": "Add field-level ownership metadata for tags and priority changes",
  "source": "linear",
  "doc_updated_at": "2025-09-16",
  "metadata": {
    "team": "engineering",
    "creator": {
      "name": "michael_anderson",
      "email": "michael_anderson@netherite-extraction.onyx.app"
    },
    "assignee": {
      "name": "jiwon_kang",
      "email": "jiwon_kang@netherite-extraction.onyx.app"
    },
    "state": "cancelled",
    "priority": "low",
    "created_at": "2025-09-16"
  },
  "doc_metadata": null,
  "sections": [
    {
      "text": "Implement backend support to record and expose the current \u201cowner\u201d for issue tags and priority (team/user) and the last editor + timestamp. When a tag/priority update is written, persist the actor identity and source (UI/API/integration) to enable attribution and audit. This metadata will be used by subsequent tickets to enforce ownership rules and approval flows without changing behavior yet.",
      "link": "https://www.onyx.app/13020"
    }
  ],
  "primary_owners": [],
  "secondary_owners": []
}