{
  "id": "6938414",
  "semantic_identifier": "[GOLD-88]: Follow-up workflow: Task queue shows incorrect ordering and missing next actions",
  "title": "Follow-up workflow: Task queue shows incorrect ordering and missing next actions",
  "source": "linear",
  "doc_updated_at": "2025-06-06",
  "metadata": {
    "team": "engineering",
    "creator": {
      "name": "kenji_watanabe",
      "email": "kenji_watanabe@netherite-extraction.onyx.app"
    },
    "assignee": {
      "name": "jason_morris",
      "email": "jason_morris@netherite-extraction.onyx.app"
    },
    "state": "done",
    "priority": "medium",
    "created_at": "2025-06-06"
  },
  "doc_metadata": null,
  "sections": [
    {
      "text": "Fix the follow-up task queue to consistently surface the correct \u201cnext best action\u201d per account/opportunity, ordered by due date and risk/priority signals. Resolve cases where tasks fail to appear after creation or state changes (e.g., completion, reassignment, CRM sync). Add minimal logging/telemetry around task generation and queue rendering to validate the fix in production.",
      "link": "https://www.onyx.app/62104"
    }
  ],
  "primary_owners": [],
  "secondary_owners": []
}