{
  "id": "7466777",
  "semantic_identifier": "[GOLD-1]: Fix CSV import field mapping/type coercion causing incorrect fit score inputs",
  "title": "Fix CSV import field mapping/type coercion causing incorrect fit score inputs",
  "source": "linear",
  "doc_updated_at": "2025-05-02",
  "metadata": {
    "team": "engineering",
    "creator": {
      "name": "sofia_ramirez",
      "email": "sofia_ramirez@netherite-extraction.onyx.app"
    },
    "assignee": {
      "name": "andre_robinson",
      "email": "andre_robinson@netherite-extraction.onyx.app"
    },
    "state": "done",
    "priority": "medium",
    "created_at": "2025-05-02"
  },
  "doc_metadata": null,
  "sections": [
    {
      "text": "CSV imports for fit_estimation can incorrectly coerce field types (e.g., numeric fields treated as strings/booleans) or apply the wrong column mapping, leading to invalid inputs for scoring and misleading driver breakdowns. Update the import pipeline to validate mappings, normalize types deterministically, and surface row-level errors for unmappable values instead of silently defaulting. Ensure the normalized values are what the scoring service consumes for subsequent fit score calculations.",
      "link": "https://www.onyx.app/32693"
    }
  ],
  "primary_owners": [],
  "secondary_owners": []
}