{
  "id": "3162051",
  "semantic_identifier": "[GOLD-93]: Warning alerts v2: Generate and send Slack summary digests for managers",
  "title": "Warning alerts v2: Generate and send Slack summary digests for managers",
  "source": "linear",
  "doc_updated_at": "2025-07-22",
  "metadata": {
    "team": "engineering",
    "creator": {
      "name": "sofia_ramirez",
      "email": "sofia_ramirez@netherite-extraction.onyx.app"
    },
    "assignee": {
      "name": "kevin_sullivan",
      "email": "kevin_sullivan@netherite-extraction.onyx.app"
    },
    "state": "cancelled",
    "priority": "medium",
    "created_at": "2025-07-22"
  },
  "doc_metadata": null,
  "sections": [
    {
      "text": "Implement Slack digest messages that summarize Warning alerts v2 for each routed manager, grouping alerts by account/opportunity and de-duping repeated triggers within the digest window. Include key context (alert type, risk signal, last updated time) and deep links back to the relevant account/opportunity in Sales_Accelerator/CRM. This ticket covers digest generation and Slack formatting only; it assumes recipient routing is handled by GOLD-92.",
      "link": "https://www.onyx.app/38669"
    }
  ],
  "primary_owners": [],
  "secondary_owners": []
}