{
  "id": "1412708",
  "semantic_identifier": "[GOLD-83]: Expose Customer_Analyzer synced fit/segment/positioning data to guidance generation context",
  "title": "Expose Customer_Analyzer synced fit/segment/positioning data to guidance generation context",
  "source": "linear",
  "doc_updated_at": "2025-06-07",
  "metadata": {
    "team": "engineering",
    "creator": {
      "name": "michael_anderson",
      "email": "michael_anderson@netherite-extraction.onyx.app"
    },
    "assignee": {
      "name": "kevin_sullivan",
      "email": "kevin_sullivan@netherite-extraction.onyx.app"
    },
    "state": "backlog",
    "priority": "medium",
    "created_at": "2025-06-07"
  },
  "doc_metadata": null,
  "sections": [
    {
      "text": "Add a retrieval layer (service method/API + caching as needed) that surfaces the Customer_Analyzer integration table data (fit score, segment, approved positioning blocks) to the initiation and follow-up guidance generator for a given CRM account/opportunity. Ensure correct ID mapping (account vs opportunity), deterministic selection of the latest synced version, and safe fallbacks when data is missing or stale. This ticket focuses on data access and wiring only (no prompt/content changes).",
      "link": "https://www.onyx.app/38169"
    }
  ],
  "primary_owners": [],
  "secondary_owners": []
}