{
  "id": "2700239",
  "semantic_identifier": "[GOLD-91]: Follow-up workflow: Ensure multi-threading prompts refresh and de-duplicate after CRM/contact changes",
  "title": "Follow-up workflow: Ensure multi-threading prompts refresh and de-duplicate after CRM/contact changes",
  "source": "linear",
  "doc_updated_at": "2025-07-19",
  "metadata": {
    "team": "engineering",
    "creator": {
      "name": "kenji_watanabe",
      "email": "kenji_watanabe@netherite-extraction.onyx.app"
    },
    "assignee": {
      "name": "ryan_murphy",
      "email": "ryan_murphy@netherite-extraction.onyx.app"
    },
    "state": "cancelled",
    "priority": "medium",
    "created_at": "2025-07-19"
  },
  "doc_metadata": null,
  "sections": [
    {
      "text": "Fix the follow-up prompt service/UI so multi-threading prompts recompute and re-render when contact records change (CRM sync, merges, role/persona updates) or when an opportunity\u2019s stage changes. Resolve cases where prompts remain stale, disappear, or show duplicates due to cached prompt eligibility results. Add minimal instrumentation around prompt refresh triggers and prompt IDs rendered per account/opportunity to validate behavior in production.",
      "link": "https://www.onyx.app/20029"
    }
  ],
  "primary_owners": [],
  "secondary_owners": []
}