{
  "id": "7314619",
  "semantic_identifier": "[GOLD-79]: Define scheduled CRM sync refresh scope and configuration (Salesforce/HubSpot)",
  "title": "Define scheduled CRM sync refresh scope and configuration (Salesforce/HubSpot)",
  "source": "linear",
  "doc_updated_at": "2025-08-22",
  "metadata": {
    "team": "engineering",
    "creator": {
      "name": "kenji_watanabe",
      "email": "kenji_watanabe@netherite-extraction.onyx.app"
    },
    "assignee": {
      "name": "ryan_murphy",
      "email": "ryan_murphy@netherite-extraction.onyx.app"
    },
    "state": "done",
    "priority": "low",
    "created_at": "2025-08-22"
  },
  "doc_metadata": null,
  "sections": [
    {
      "text": "Specify and document the scheduled refresh behavior for native Salesforce/HubSpot integrations, including sync frequency, objects/fields in scope (e.g., next step, close plan status), and read vs write-back boundaries. Add configuration defaults and environment-level toggles for enabling/disabling scheduled sync per workspace. This ticket produces the implementation-ready sync contract that subsequent tickets will use for dedupe and write-back logic.",
      "link": "https://www.onyx.app/86277"
    }
  ],
  "primary_owners": [],
  "secondary_owners": []
}