{
  "id": "2002717",
  "semantic_identifier": "[GOLD-78]: Instrument analytics for stale/manual positioning block usage and replacement actions",
  "title": "Instrument analytics for stale/manual positioning block usage and replacement actions",
  "source": "linear",
  "doc_updated_at": "2025-05-24",
  "metadata": {
    "team": "engineering",
    "creator": {
      "name": "michael_anderson",
      "email": "michael_anderson@netherite-extraction.onyx.app"
    },
    "assignee": {
      "name": "tyler_jenkins",
      "email": "tyler_jenkins@netherite-extraction.onyx.app"
    },
    "state": "done",
    "priority": "medium",
    "created_at": "2025-05-24"
  },
  "doc_metadata": null,
  "sections": [
    {
      "text": "Add product analytics/telemetry for the stale-block detection flow so we can quantify how often users paste or keep outdated Customer_Analyzer positioning blocks. Emit events for: block edited/pasted, staleness check result, warning shown, and user action (kept vs replaced), including account/opportunity ID and canonical CA version/timestamp. Validate events end-to-end in staging and document the schema for downstream reporting.",
      "link": "https://www.onyx.app/41149"
    }
  ],
  "primary_owners": [],
  "secondary_owners": []
}