{
  "id": "8316727",
  "semantic_identifier": "[GOLD-4]: Define data model + API contract for editable positioning templates per segment",
  "title": "Define data model + API contract for editable positioning templates per segment",
  "source": "linear",
  "doc_updated_at": "2025-04-04",
  "metadata": {
    "team": "engineering",
    "creator": {
      "name": "michael_anderson",
      "email": "michael_anderson@netherite-extraction.onyx.app"
    },
    "assignee": {
      "name": "tyler_jenkins",
      "email": "tyler_jenkins@netherite-extraction.onyx.app"
    },
    "state": "done",
    "priority": "low",
    "created_at": "2025-04-04"
  },
  "doc_metadata": null,
  "sections": [
    {
      "text": "Create the backend data model for segment-scoped positioning templates (e.g., value props, differentiators, proof points, objections) including versioning/audit fields and sensible defaults. Define and implement minimal CRUD API endpoints to fetch and update a segment\u2019s template, with basic validation and authorization aligned to existing workspace access. Document the API payload schema for use by the UI in subsequent tickets.",
      "link": "https://www.onyx.app/57779"
    }
  ],
  "primary_owners": [],
  "secondary_owners": []
}