{
  "id": "5108413",
  "semantic_identifier": "[GOLD-179]: Audit and document segment definition sources across CRM and Customer_Analyzer",
  "title": "Audit and document segment definition sources across CRM and Customer_Analyzer",
  "source": "linear",
  "doc_updated_at": "2025-09-05",
  "metadata": {
    "team": "engineering",
    "creator": {
      "name": "sofia_ramirez",
      "email": "sofia_ramirez@netherite-extraction.onyx.app"
    },
    "assignee": {
      "name": "kevin_sullivan",
      "email": "kevin_sullivan@netherite-extraction.onyx.app"
    },
    "state": "done",
    "priority": "low",
    "created_at": "2025-09-05"
  },
  "doc_metadata": null,
  "sections": [
    {
      "text": "Investigate how segment membership is computed in CRM vs Customer_Analyzer and identify where definitions can drift (fields, filters, refresh cadence, ownership). Produce a concise mapping of segment names to their underlying criteria and data sources, highlighting mismatches and the specific impact-reporting surfaces in Issue_Tracker affected. Output should include recommended \u201csource of truth\u201d per segment and any gaps that require follow-up fixes in subsequent tickets.",
      "link": "https://www.onyx.app/20559"
    }
  ],
  "primary_owners": [],
  "secondary_owners": []
}