{
  "id": "6857008",
  "semantic_identifier": "[GOLD-87]: Forecasting: Implement segment-weighted forecast totals using Customer_Analyzer fit tiers",
  "title": "Forecasting: Implement segment-weighted forecast totals using Customer_Analyzer fit tiers",
  "source": "linear",
  "doc_updated_at": "2025-09-22",
  "metadata": {
    "team": "engineering",
    "creator": {
      "name": "michael_anderson",
      "email": "michael_anderson@netherite-extraction.onyx.app"
    },
    "assignee": {
      "name": "tyler_jenkins",
      "email": "tyler_jenkins@netherite-extraction.onyx.app"
    },
    "state": "cancelled",
    "priority": "medium",
    "created_at": "2025-09-22"
  },
  "doc_metadata": null,
  "sections": [
    {
      "text": "Add support in the forecasting aggregation pipeline to compute segment-weighted totals by applying configurable weights per Customer_Analyzer fit tier (e.g., A/B/C) to opportunity amounts/probabilities. Expose both raw and weighted totals via the forecast API so the UI can render weighted views without duplicating logic. Ensure weighting works across existing scenario buckets (baseline/commit/best-case) and falls back gracefully when fit tier is missing.",
      "link": "https://www.onyx.app/19095"
    }
  ],
  "primary_owners": [],
  "secondary_owners": []
}