{
  "id": "4802727",
  "semantic_identifier": "[GOLD-155]: Implement upstream sync: create/update Jira/Linear issues from Issue_Tracker issue object",
  "title": "Implement upstream sync: create/update Jira/Linear issues from Issue_Tracker issue object",
  "source": "linear",
  "doc_updated_at": "2025-04-04",
  "metadata": {
    "team": "engineering",
    "creator": {
      "name": "sofia_ramirez",
      "email": "sofia_ramirez@netherite-extraction.onyx.app"
    },
    "assignee": {
      "name": "kevin_sullivan",
      "email": "kevin_sullivan@netherite-extraction.onyx.app"
    },
    "state": "done",
    "priority": "medium",
    "created_at": "2025-04-04"
  },
  "doc_metadata": null,
  "sections": [
    {
      "text": "Add first-class upstream sync so an Issue_Tracker issue/theme can create a Jira/Linear issue and subsequently push updates (title, description, priority, labels, customer impact summary, and backlinks). Store and display the external issue key/URL plus a stable mapping to the Issue_Tracker issue object. Ensure updates are idempotent and handle missing permissions/invalid projects gracefully with clear error messaging.",
      "link": "https://www.onyx.app/85051"
    }
  ],
  "primary_owners": [],
  "secondary_owners": []
}