{
  "id": "2178712",
  "semantic_identifier": "[GOLD-6]: [BUG][Ticket 3/5] Implement inline editing UI for segment positioning templates",
  "title": "[BUG][Ticket 3/5] Implement inline editing UI for segment positioning templates",
  "source": "linear",
  "doc_updated_at": "2025-04-27",
  "metadata": {
    "team": "engineering",
    "creator": {
      "name": "sofia_ramirez",
      "email": "sofia_ramirez@netherite-extraction.onyx.app"
    },
    "assignee": {
      "name": "jiwon_kang",
      "email": "jiwon_kang@netherite-extraction.onyx.app"
    },
    "state": "done",
    "priority": "medium",
    "created_at": "2025-04-27"
  },
  "doc_metadata": null,
  "sections": [
    {
      "text": "Add editable fields for each positioning template section (value props, differentiators, proof points, objections) within the segment detail view, reusing the template payload schema defined in GOLD-4. Implement local form state, dirty tracking, and basic client-side validation (required/length limits) without wiring persistence yet. Ensure the UI can toggle between read and edit modes and preserves server defaults when no custom template exists.",
      "link": "https://www.onyx.app/18761"
    }
  ],
  "primary_owners": [],
  "secondary_owners": []
}