{
  "id": "7164567",
  "semantic_identifier": "[GOLD-89]: Follow-up workflow: Mutual Action Plan templates not loading/applying correctly",
  "title": "Follow-up workflow: Mutual Action Plan templates not loading/applying correctly",
  "source": "linear",
  "doc_updated_at": "2025-08-22",
  "metadata": {
    "team": "engineering",
    "creator": {
      "name": "sofia_ramirez",
      "email": "sofia_ramirez@netherite-extraction.onyx.app"
    },
    "assignee": {
      "name": "jiwon_kang",
      "email": "jiwon_kang@netherite-extraction.onyx.app"
    },
    "state": "backlog",
    "priority": "medium",
    "created_at": "2025-08-22"
  },
  "doc_metadata": null,
  "sections": [
    {
      "text": "Fix the Mutual Action Plan (MAP) template flow so the correct template list loads reliably for the selected account/opportunity and applies the chosen template steps without dropping or duplicating items. Resolve cases where template selection fails after CRM sync or opportunity stage changes, causing MAPs to be created with empty/default steps. Add lightweight instrumentation around template fetch/apply and MAP creation to confirm the fix in production.",
      "link": "https://www.onyx.app/46511"
    }
  ],
  "primary_owners": [],
  "secondary_owners": []
}