{
  "id": "2822966",
  "semantic_identifier": "[GOLD-66]: Deduplicate and rate-limit warning_alerts notifications across email/Slack",
  "title": "Deduplicate and rate-limit warning_alerts notifications across email/Slack",
  "source": "linear",
  "doc_updated_at": "2025-04-19",
  "metadata": {
    "team": "engineering",
    "creator": {
      "name": "michael_anderson",
      "email": "michael_anderson@netherite-extraction.onyx.app"
    },
    "assignee": {
      "name": "kevin_sullivan",
      "email": "kevin_sullivan@netherite-extraction.onyx.app"
    },
    "state": "backlog",
    "priority": "medium",
    "created_at": "2025-04-19"
  },
  "doc_metadata": null,
  "sections": [
    {
      "text": "Fix cases where warning_alerts generate repeated email/Slack notifications for the same account/opportunity and condition across successive sync runs. Implement an idempotency key and persistence (e.g., per {object_id, alert_type, threshold_state} with a TTL/cooldown) so alerts only resend when the state clears and re-triggers or after a configured interval. Ensure dedupe works consistently across channels and add a small test suite to cover duplicate run and \u201cclear then re-trigger\u201d scenarios.",
      "link": "https://www.onyx.app/42961"
    }
  ],
  "primary_owners": [],
  "secondary_owners": []
}