{
  "id": "8672333",
  "semantic_identifier": "[GOLD-67]: Add CRM field mapping auto-discovery and mapping suggestions during setup",
  "title": "Add CRM field mapping auto-discovery and mapping suggestions during setup",
  "source": "linear",
  "doc_updated_at": "2025-05-04",
  "metadata": {
    "team": "engineering",
    "creator": {
      "name": "michael_anderson",
      "email": "michael_anderson@netherite-extraction.onyx.app"
    },
    "assignee": {
      "name": "jiwon_kang",
      "email": "jiwon_kang@netherite-extraction.onyx.app"
    },
    "state": "done",
    "priority": "medium",
    "created_at": "2025-05-04"
  },
  "doc_metadata": null,
  "sections": [
    {
      "text": "Implement an onboarding step that auto-discovers standard and commonly used CRM fields (e.g., stage, close date, amount, owner, last activity) and proposes default mappings to Sales_Accelerator\u2019s canonical schema. Surface confidence indicators and allow quick accept/edit for each suggested mapping before saving. This reduces manual setup effort and establishes the required foundation for benchmarks and stage-based guidance in later setup steps.",
      "link": "https://www.onyx.app/24180"
    }
  ],
  "primary_owners": [],
  "secondary_owners": []
}