{
  "id": "4337817",
  "semantic_identifier": "[GOLD-151]: Add segment/ICP context inputs to priority scoring pipeline",
  "title": "Add segment/ICP context inputs to priority scoring pipeline",
  "source": "linear",
  "doc_updated_at": "2025-05-05",
  "metadata": {
    "team": "engineering",
    "creator": {
      "name": "kenji_watanabe",
      "email": "kenji_watanabe@netherite-extraction.onyx.app"
    },
    "assignee": {
      "name": "jiwon_kang",
      "email": "jiwon_kang@netherite-extraction.onyx.app"
    },
    "state": "done",
    "priority": "medium",
    "created_at": "2025-05-05"
  },
  "doc_metadata": null,
  "sections": [
    {
      "text": "Extend the priority scoring data model and ingestion pipeline to attach customer segment and ICP fit attributes to each issue object (and aggregated theme). Pull segment/ICP from CRM + Customer_Analyzer with clear fallbacks when data is missing or conflicting. Persist these fields so downstream scoring and UI can reliably reference segment/ICP context without re-fetching on every score calculation.",
      "link": "https://www.onyx.app/65886"
    }
  ],
  "primary_owners": [],
  "secondary_owners": []
}