{
  "id": "5014542",
  "semantic_identifier": "[GOLD-60]: Fix sales initiation prioritization to correctly consume Customer_Analyzer fit scores",
  "title": "Fix sales initiation prioritization to correctly consume Customer_Analyzer fit scores",
  "source": "linear",
  "doc_updated_at": "2025-04-19",
  "metadata": {
    "team": "engineering",
    "creator": {
      "name": "sofia_ramirez",
      "email": "sofia_ramirez@netherite-extraction.onyx.app"
    },
    "assignee": {
      "name": "ryan_murphy",
      "email": "ryan_murphy@netherite-extraction.onyx.app"
    },
    "state": "cancelled",
    "priority": "medium",
    "created_at": "2025-04-19"
  },
  "doc_metadata": null,
  "sections": [
    {
      "text": "Sales initiation recommendations are not reliably prioritizing accounts based on Customer_Analyzer fit scores, causing incorrect ordering in the MVP rule-based list. Update the prioritization logic to fetch and apply the latest fit score per account and fall back gracefully when a score is missing. Add a minimal regression test covering score present/missing scenarios to prevent future ranking drift.",
      "link": "https://www.onyx.app/76262"
    }
  ],
  "primary_owners": [],
  "secondary_owners": []
}