{
  "id": "7320533",
  "semantic_identifier": "[GOLD-154]: Add admin-configurable segment/ICP weighting controls (UI + permissions)",
  "title": "Add admin-configurable segment/ICP weighting controls (UI + permissions)",
  "source": "linear",
  "doc_updated_at": "2025-05-06",
  "metadata": {
    "team": "engineering",
    "creator": {
      "name": "michael_anderson",
      "email": "michael_anderson@netherite-extraction.onyx.app"
    },
    "assignee": {
      "name": "kevin_sullivan",
      "email": "kevin_sullivan@netherite-extraction.onyx.app"
    },
    "state": "done",
    "priority": "medium",
    "created_at": "2025-05-06"
  },
  "doc_metadata": null,
  "sections": [
    {
      "text": "Expose the segment/ICP weighting configuration from the scoring service in an Admin settings UI so Product/Support can adjust influence without engineering changes. Add role-based access (e.g., Admin/PM only) and validation/guardrails (min/max ranges, reset-to-default) to prevent extreme weight values. Ensure changes are versioned and written to the score audit trail so priority shifts are defensible and debuggable.",
      "link": "https://www.onyx.app/68716"
    }
  ],
  "primary_owners": [],
  "secondary_owners": []
}