{
  "id": "8373264",
  "semantic_identifier": "[GOLD-186]: issue_clustering v2: Add multilingual normalization + embeddings pipeline for cross-language clustering",
  "title": "issue_clustering v2: Add multilingual normalization + embeddings pipeline for cross-language clustering",
  "source": "linear",
  "doc_updated_at": "2026-01-15",
  "metadata": {
    "team": "engineering",
    "creator": {
      "name": "michael_anderson",
      "email": "michael_anderson@netherite-extraction.onyx.app"
    },
    "assignee": {
      "name": "andre_robinson",
      "email": "andre_robinson@netherite-extraction.onyx.app"
    },
    "state": "open",
    "priority": "medium",
    "created_at": "2026-01-15"
  },
  "doc_metadata": null,
  "sections": [
    {
      "text": "Implement language detection on ingested customer conversations and route text through a multilingual embedding/normalization pipeline so issues reported in different languages can be clustered together. Update clustering inputs to persist detected language, original text, and normalized/translated representation (if used) for auditability and search. Add basic evaluation checks to confirm that semantically equivalent issues across supported languages co-cluster without degrading English-only clustering quality.",
      "link": "https://www.onyx.app/27404"
    }
  ],
  "primary_owners": [],
  "secondary_owners": []
}