{
  "id": "4473383",
  "semantic_identifier": "[GOLD-106]: Define outcome events + schema for closed-loop learning telemetry",
  "title": "Define outcome events + schema for closed-loop learning telemetry",
  "source": "linear",
  "doc_updated_at": "2025-12-06",
  "metadata": {
    "team": "engineering",
    "creator": {
      "name": "sofia_ramirez",
      "email": "sofia_ramirez@netherite-extraction.onyx.app"
    },
    "assignee": {
      "name": "andre_robinson",
      "email": "andre_robinson@netherite-extraction.onyx.app"
    },
    "state": "backlog",
    "priority": "low",
    "created_at": "2025-12-06"
  },
  "doc_metadata": null,
  "sections": [
    {
      "text": "Create a canonical set of outcome events (e.g., recommendation shown, accepted/applied, sequence executed, reply/meeting booked, stage change, close won/lost) and a versioned schema to log them with required context (segment, rep, motion, account/opportunity, CRM IDs, timestamp). Ensure events can be joined back to the specific recommendation instance to enable attribution. Document the schema and add lightweight validation to prevent missing/invalid fields.",
      "link": "https://www.onyx.app/76008"
    }
  ],
  "primary_owners": [],
  "secondary_owners": []
}