{
  "id": "8326390",
  "semantic_identifier": "[GOLD-145]: Issue History: Hook lifecycle actions to emit status/priority/merge-split/link/note events",
  "title": "Issue History: Hook lifecycle actions to emit status/priority/merge-split/link/note events",
  "source": "linear",
  "doc_updated_at": "2025-04-18",
  "metadata": {
    "team": "engineering",
    "creator": {
      "name": "sofia_ramirez",
      "email": "sofia_ramirez@netherite-extraction.onyx.app"
    },
    "assignee": {
      "name": "ryan_murphy",
      "email": "ryan_murphy@netherite-extraction.onyx.app"
    },
    "state": "done",
    "priority": "low",
    "created_at": "2025-04-18"
  },
  "doc_metadata": null,
  "sections": [
    {
      "text": "Implement service-layer helpers for the MVP issue_history event types (status timeline, priority changes, merge/split actions, notes, and external work item links) and wire them into the existing Issue mutation flows so events are recorded automatically. Ensure events include actor, timestamp, and sufficient payload to render a timeline later (e.g., from/to values, source/target issue IDs, external system + URL). This ticket intentionally excludes UI rendering and focuses on consistent event emission across backend actions.",
      "link": "https://www.onyx.app/67719"
    }
  ],
  "primary_owners": [],
  "secondary_owners": []
}