{
  "id": "4314625",
  "semantic_identifier": "[GOLD-82]: Implement Customer_Analyzer sync job to ingest fit score, segment, and approved positioning blocks",
  "title": "Implement Customer_Analyzer sync job to ingest fit score, segment, and approved positioning blocks",
  "source": "linear",
  "doc_updated_at": "2025-06-26",
  "metadata": {
    "team": "engineering",
    "creator": {
      "name": "kenji_watanabe",
      "email": "kenji_watanabe@netherite-extraction.onyx.app"
    },
    "assignee": {
      "name": "jiwon_kang",
      "email": "jiwon_kang@netherite-extraction.onyx.app"
    },
    "state": "done",
    "priority": "medium",
    "created_at": "2025-06-26"
  },
  "doc_metadata": null,
  "sections": [
    {
      "text": "Create the backend sync mechanism that pulls account-level fit score, segment, and only approved positioning blocks from Customer_Analyzer into Sales_Accelerator. Persist the data in a dedicated integration table/model keyed by CRM account/opportunity IDs and store the source timestamps/version for change detection. This ticket covers ingestion + persistence only (no UI or guidance generation) and should include basic retry/backoff and logging for failed syncs.",
      "link": "https://www.onyx.app/47326"
    }
  ],
  "primary_owners": [],
  "secondary_owners": []
}