{
  "id": "6980184",
  "semantic_identifier": "[GOLD-74]: [GOLD-XX]: Add in-CRM copy/insert actions for Guidance outputs (no copy/paste workflow)",
  "title": "[GOLD-XX]: Add in-CRM copy/insert actions for Guidance outputs (no copy/paste workflow)",
  "source": "linear",
  "doc_updated_at": "2025-04-10",
  "metadata": {
    "team": "engineering",
    "creator": {
      "name": "michael_anderson",
      "email": "michael_anderson@netherite-extraction.onyx.app"
    },
    "assignee": {
      "name": "kevin_sullivan",
      "email": "kevin_sullivan@netherite-extraction.onyx.app"
    },
    "state": "backlog",
    "priority": "high",
    "created_at": "2025-04-10"
  },
  "doc_metadata": null,
  "sections": [
    {
      "text": "Implement action controls inside the CRM-embedded Guidance panel to let reps use generated guidance without leaving the CRM. Provide one-click copy-to-clipboard for each guidance block (next action, risk alert text, positioning snippets) and an \u201cInsert into CRM\u201d action that writes the selected text into supported targets (e.g., Salesforce Task/Note or HubSpot Note/Activity) for the current Account/Opportunity. Ensure actions respect record context and show clear success/error feedback to reduce adoption friction.",
      "link": "https://www.onyx.app/95169"
    }
  ],
  "primary_owners": [],
  "secondary_owners": []
}