{
  "id": "4807325",
  "semantic_identifier": "[GOLD-52]: Persist positioning_version_id on customer-facing artifacts and outcome events",
  "title": "Persist positioning_version_id on customer-facing artifacts and outcome events",
  "source": "linear",
  "doc_updated_at": "2026-01-14",
  "metadata": {
    "team": "engineering",
    "creator": {
      "name": "sofia_ramirez",
      "email": "sofia_ramirez@netherite-extraction.onyx.app"
    },
    "assignee": {
      "name": "ryan_murphy",
      "email": "ryan_murphy@netherite-extraction.onyx.app"
    },
    "state": "open",
    "priority": "low",
    "created_at": "2026-01-14"
  },
  "doc_metadata": null,
  "sections": [
    {
      "text": "When a positioning recommendation is applied (e.g., exported to sales enablement, pushed to a segment brief, or used in an email/landing-page template), persist the active positioning_version_id alongside the generated artifact and any subsequent tracked outcome events (conversion, win/loss, churn). This creates a durable join key between downstream outcomes and the exact positioning version from the existing change log. Ensure backfill behavior is safe (leave null for historical records) and add minimal schema/index updates needed for querying.",
      "link": "https://www.onyx.app/59569"
    }
  ],
  "primary_owners": [],
  "secondary_owners": []
}