{
  "id": "8401283",
  "semantic_identifier": "[GOLD-185]: issue_clustering v2: Add cluster drift detection with alerts and audit trail",
  "title": "issue_clustering v2: Add cluster drift detection with alerts and audit trail",
  "source": "linear",
  "doc_updated_at": "2025-10-28",
  "metadata": {
    "team": "engineering",
    "creator": {
      "name": "sofia_ramirez",
      "email": "sofia_ramirez@netherite-extraction.onyx.app"
    },
    "assignee": {
      "name": "kevin_sullivan",
      "email": "kevin_sullivan@netherite-extraction.onyx.app"
    },
    "state": "done",
    "priority": "high",
    "created_at": "2025-10-28"
  },
  "doc_metadata": null,
  "sections": [
    {
      "text": "Implement drift detection for issue_clustering v2 to identify when cluster assignments or embedding distributions shift beyond configured thresholds. Persist drift signals (timestamp, affected clusters, metrics) and surface a high-priority alert for triage when drift is detected. Include a lightweight audit trail linking drift events to the underlying source conversations and downstream engineering work for defensibility.",
      "link": "https://www.onyx.app/31488"
    }
  ],
  "primary_owners": [],
  "secondary_owners": []
}