{
  "id": "2920379",
  "semantic_identifier": "[GOLD-173]: UI: Surface tag/priority change requests and enable owner approval/rejection",
  "title": "UI: Surface tag/priority change requests and enable owner approval/rejection",
  "source": "linear",
  "doc_updated_at": "2025-07-21",
  "metadata": {
    "team": "engineering",
    "creator": {
      "name": "michael_anderson",
      "email": "michael_anderson@netherite-extraction.onyx.app"
    },
    "assignee": {
      "name": "jason_morris",
      "email": "jason_morris@netherite-extraction.onyx.app"
    },
    "state": "done",
    "priority": "low",
    "created_at": "2025-07-21"
  },
  "doc_metadata": null,
  "sections": [
    {
      "text": "Add UI components on the Issue detail page to display pending tag/priority change requests created when non-owners attempt edits (per GOLD-172). Field owners should be able to approve or reject each request, with clear visibility into requester, proposed value, source, and timestamp. Ensure approved changes update the Issue immediately and rejected requests remain in history with a rejection reason.",
      "link": "https://www.onyx.app/93476"
    }
  ],
  "primary_owners": [],
  "secondary_owners": []
}