{
  "id": "6287980",
  "semantic_identifier": "[GOLD-125]: Detect and surface model drift signals from market-condition changes",
  "title": "Detect and surface model drift signals from market-condition changes",
  "source": "linear",
  "doc_updated_at": "2025-10-17",
  "metadata": {
    "team": "engineering",
    "creator": {
      "name": "sofia_ramirez",
      "email": "sofia_ramirez@netherite-extraction.onyx.app"
    },
    "assignee": {
      "name": "brooke_spencer",
      "email": "brooke_spencer@netherite-extraction.onyx.app"
    },
    "state": "backlog",
    "priority": "high",
    "created_at": "2025-10-17"
  },
  "doc_metadata": null,
  "sections": [
    {
      "text": "Implement drift monitoring for key Sales_Accelerator models (forecasting, best-next-action, risk alerts) using feature distribution + prediction/label stability checks. Add configurable alerts when drift crosses thresholds, with context on likely drivers (e.g., pricing changes, competitor mentions, packaging updates) and affected segments. Expose the drift status via an internal endpoint/logs to unblock follow-on recalibration work.",
      "link": "https://www.onyx.app/20414"
    }
  ],
  "primary_owners": [],
  "secondary_owners": []
}