{
  "id": "2254916",
  "semantic_identifier": "[GOLD-98]: Introduce deal-dynamics gating/penalty to forecasting and best-next-action scoring",
  "title": "Introduce deal-dynamics gating/penalty to forecasting and best-next-action scoring",
  "source": "linear",
  "doc_updated_at": "2025-09-19",
  "metadata": {
    "team": "engineering",
    "creator": {
      "name": "sofia_ramirez",
      "email": "sofia_ramirez@netherite-extraction.onyx.app"
    },
    "assignee": {
      "name": "brooke_spencer",
      "email": "brooke_spencer@netherite-extraction.onyx.app"
    },
    "state": "cancelled",
    "priority": "medium",
    "created_at": "2025-09-19"
  },
  "doc_metadata": null,
  "sections": [
    {
      "text": "Update the scoring pipeline to explicitly down-weight or gate recommendations when negative deal dynamics are present (e.g., late procurement, strong competition, low internal alignment), even for high-fit accounts. Implement a configurable penalty/cap mechanism so a high fit tier cannot exceed a defined score threshold when one or more deal-dynamics risk signals are triggered. Ensure changes apply consistently across both forecasting scores and best-next-action ranking outputs.",
      "link": "https://www.onyx.app/71351"
    }
  ],
  "primary_owners": [],
  "secondary_owners": []
}