{
  "id": "6501736",
  "semantic_identifier": "[GOLD-68]: Add default sales stage templates and guided stage mapping during setup",
  "title": "Add default sales stage templates and guided stage mapping during setup",
  "source": "linear",
  "doc_updated_at": "2025-03-31",
  "metadata": {
    "team": "engineering",
    "creator": {
      "name": "sofia_ramirez",
      "email": "sofia_ramirez@netherite-extraction.onyx.app"
    },
    "assignee": {
      "name": "tyler_jenkins",
      "email": "tyler_jenkins@netherite-extraction.onyx.app"
    },
    "state": "cancelled",
    "priority": "medium",
    "created_at": "2025-03-31"
  },
  "doc_metadata": null,
  "sections": [
    {
      "text": "Implement a setup step that proposes a default stage model (e.g., Prospecting \u2192 Qualification \u2192 Proposal \u2192 Negotiation \u2192 Closed Won/Lost) based on detected CRM pipeline configuration, and guides users to map/merge their CRM stages into the canonical Sales_Accelerator stages. Include validation to ensure every active CRM stage is mapped and that key milestones (e.g., commit/closed) are covered. This reduces manual effort required to define what \u201cgood\u201d looks like for stage-based forecasting, next-best-action, and risk alerts.",
      "link": "https://www.onyx.app/93543"
    }
  ],
  "primary_owners": [],
  "secondary_owners": []
}