{
  "id": "3454799",
  "semantic_identifier": "[GOLD-158]: Harden Jira/Linear two-way sync: retries, backoff, and dead-letter handling for failed sync runs",
  "title": "Harden Jira/Linear two-way sync: retries, backoff, and dead-letter handling for failed sync runs",
  "source": "linear",
  "doc_updated_at": "2025-04-09",
  "metadata": {
    "team": "engineering",
    "creator": {
      "name": "kenji_watanabe",
      "email": "kenji_watanabe@netherite-extraction.onyx.app"
    },
    "assignee": {
      "name": "tyler_jenkins",
      "email": "tyler_jenkins@netherite-extraction.onyx.app"
    },
    "state": "backlog",
    "priority": "high",
    "created_at": "2025-04-09"
  },
  "doc_metadata": null,
  "sections": [
    {
      "text": "Implement resilient processing for upstream/inbound sync failures by adding automatic retries with exponential backoff, idempotency safeguards, and a dead-letter state when errors persist (e.g., permission revoked, issue deleted, rate limits). Persist a per-link sync error code/message and failure count so the UI status panel can display actionable details without repeated failing calls. Ensure failures don\u2019t break the existing link mapping and that successful subsequent runs clear error state.",
      "link": "https://www.onyx.app/21582"
    }
  ],
  "primary_owners": [],
  "secondary_owners": []
}