{
  "id": "1226666",
  "semantic_identifier": "[GOLD-128]: Introduce \u201cSimple Mode\u201d defaults to reduce configuration complexity on first run",
  "title": "Introduce \u201cSimple Mode\u201d defaults to reduce configuration complexity on first run",
  "source": "linear",
  "doc_updated_at": "2025-10-22",
  "metadata": {
    "team": "engineering",
    "creator": {
      "name": "sofia_ramirez",
      "email": "sofia_ramirez@netherite-extraction.onyx.app"
    },
    "assignee": {
      "name": "andre_robinson",
      "email": "andre_robinson@netherite-extraction.onyx.app"
    },
    "state": "done",
    "priority": "high",
    "created_at": "2025-10-22"
  },
  "doc_metadata": null,
  "sections": [
    {
      "text": "Add a \u201cSimple Mode\u201d onboarding path that preselects a minimal, recommended set of alerts, templates, and models suitable for small teams, with the option to switch to \u201cAdvanced\u201d later. Ensure the default configuration auto-enables only core Sales_Accelerator workflows (forecasting, next-best-action, risk alerts) using Customer_Analyzer fit/positioning inputs without requiring manual tuning. This ticket covers backend/default-config and state management; UI surfacing and progressive disclosure will be handled in subsequent tickets.",
      "link": "https://www.onyx.app/32208"
    }
  ],
  "primary_owners": [],
  "secondary_owners": []
}