{
  "id": "5176246",
  "semantic_identifier": "[GOLD-131]: Add tenant-level compliance configuration for content generation & communications data",
  "title": "Add tenant-level compliance configuration for content generation & communications data",
  "source": "linear",
  "doc_updated_at": "2025-12-02",
  "metadata": {
    "team": "engineering",
    "creator": {
      "name": "kenji_watanabe",
      "email": "kenji_watanabe@netherite-extraction.onyx.app"
    },
    "assignee": {
      "name": "andre_robinson",
      "email": "andre_robinson@netherite-extraction.onyx.app"
    },
    "state": "in_progress",
    "priority": "medium",
    "created_at": "2025-12-02"
  },
  "doc_metadata": null,
  "sections": [
    {
      "text": "Introduce a tenant-level compliance settings object that controls whether AI content generation is enabled, what communications data sources/fields can be ingested, and required defaults for regulated environments. Expose the configuration via an internal admin endpoint (and persisted storage) so implementations can be completed without custom code changes. Ensure the runtime checks these settings to hard-block disallowed generation and data ingestion paths.",
      "link": "https://www.onyx.app/34313"
    }
  ],
  "primary_owners": [],
  "secondary_owners": []
}