{
  "id": "5129433",
  "semantic_identifier": "[GOLD-94]: Normalize CRM stage/field mappings into a canonical lifecycle model",
  "title": "Normalize CRM stage/field mappings into a canonical lifecycle model",
  "source": "linear",
  "doc_updated_at": "2025-07-25",
  "metadata": {
    "team": "engineering",
    "creator": {
      "name": "kenji_watanabe",
      "email": "kenji_watanabe@netherite-extraction.onyx.app"
    },
    "assignee": {
      "name": "kevin_sullivan",
      "email": "kevin_sullivan@netherite-extraction.onyx.app"
    },
    "state": "cancelled",
    "priority": "high",
    "created_at": "2025-07-25"
  },
  "doc_metadata": null,
  "sections": [
    {
      "text": "Implement a canonical Sales_Accelerator lifecycle schema (stages + required fields) and add a normalization layer that maps each connected CRM instance\u2019s custom stages/field names into this schema. The mapper should support per-instance overrides and persist mappings so downstream analytics consume only canonical values. Include basic validation to flag unmapped stages/fields and block analytics jobs from using partially mapped lifecycles.",
      "link": "https://www.onyx.app/72541"
    }
  ],
  "primary_owners": [],
  "secondary_owners": []
}