{
  "id": "9961506",
  "semantic_identifier": "[GOLD-167]: Issue prioritization v2: UI for scoring profile selection + tuning controls",
  "title": "Issue prioritization v2: UI for scoring profile selection + tuning controls",
  "source": "linear",
  "doc_updated_at": "2025-09-05",
  "metadata": {
    "team": "engineering",
    "creator": {
      "name": "sofia_ramirez",
      "email": "sofia_ramirez@netherite-extraction.onyx.app"
    },
    "assignee": {
      "name": "andre_robinson",
      "email": "andre_robinson@netherite-extraction.onyx.app"
    },
    "state": "cancelled",
    "priority": "high",
    "created_at": "2025-09-05"
  },
  "doc_metadata": null,
  "sections": [
    {
      "text": "Add frontend support to select an org/user scoring profile and adjust per-dimension weights (Support SLA risk, Product impact, Sales deal blockers) via tuning controls. Display per-dimension scores and the resulting aggregated score in the issue list and issue detail views, reflecting the active profile. Wire the UI to the saved profiles APIs (list/apply/update) built in GOLD-166 and ensure the default profile matches current single-score behavior when no profile is selected.",
      "link": "https://www.onyx.app/14792"
    }
  ],
  "primary_owners": [],
  "secondary_owners": []
}