{
  "id": "6731734",
  "semantic_identifier": "[GOLD-13]: Display data sufficiency warnings and confidence cues in Fit Score UI",
  "title": "Display data sufficiency warnings and confidence cues in Fit Score UI",
  "source": "linear",
  "doc_updated_at": "2025-05-23",
  "metadata": {
    "team": "engineering",
    "creator": {
      "name": "sofia_ramirez",
      "email": "sofia_ramirez@netherite-extraction.onyx.app"
    },
    "assignee": {
      "name": "jiwon_kang",
      "email": "jiwon_kang@netherite-extraction.onyx.app"
    },
    "state": "done",
    "priority": "high",
    "created_at": "2025-05-23"
  },
  "doc_metadata": null,
  "sections": [
    {
      "text": "Update the Fit Score UI to consume the existing backend data sufficiency diagnostics (sample size, recency, signal coverage) and clearly surface a \u201cLimited data\u201d state when thresholds aren\u2019t met. Show a compact summary (e.g., n=<count>, coverage=<%>, last updated=<date>) with a tooltip/modal explaining how low data may impact reliability. Ensure the warning state is reflected anywhere fit score is shown (segment list, segment detail, and exports/screenshots where applicable).",
      "link": "https://www.onyx.app/60961"
    }
  ],
  "primary_owners": [],
  "secondary_owners": []
}