{
  "id": "5957298",
  "semantic_identifier": "[GOLD-129]: Add Simple Mode onboarding UI with progressive disclosure for alerts/templates/models",
  "title": "Add Simple Mode onboarding UI with progressive disclosure for alerts/templates/models",
  "source": "linear",
  "doc_updated_at": "2026-01-08",
  "metadata": {
    "team": "engineering",
    "creator": {
      "name": "sofia_ramirez",
      "email": "sofia_ramirez@netherite-extraction.onyx.app"
    },
    "assignee": {
      "name": "jiwon_kang",
      "email": "jiwon_kang@netherite-extraction.onyx.app"
    },
    "state": "open",
    "priority": "high",
    "created_at": "2026-01-08"
  },
  "doc_metadata": null,
  "sections": [
    {
      "text": "Implement the onboarding UI flow that lets users choose \u201cSimple Mode\u201d and applies the recommended minimal configuration from the backend defaults. In Simple Mode, hide advanced alert/template/model controls behind an \u201cAdvanced settings\u201d accordion and show only core workflows (forecasting, next-best-action, risk alerts) with clear, explainable summaries. Ensure users can switch to Advanced Mode later without losing the applied default configuration.",
      "link": "https://www.onyx.app/64601"
    }
  ],
  "primary_owners": [],
  "secondary_owners": []
}