{
  "id": "5565928",
  "semantic_identifier": "[GOLD-149]: Add domain-vocabulary signals to clustering to reduce false merges",
  "title": "Add domain-vocabulary signals to clustering to reduce false merges",
  "source": "linear",
  "doc_updated_at": "2025-05-22",
  "metadata": {
    "team": "engineering",
    "creator": {
      "name": "kenji_watanabe",
      "email": "kenji_watanabe@netherite-extraction.onyx.app"
    },
    "assignee": {
      "name": "brooke_spencer",
      "email": "brooke_spencer@netherite-extraction.onyx.app"
    },
    "state": "backlog",
    "priority": "medium",
    "created_at": "2025-05-22"
  },
  "doc_metadata": null,
  "sections": [
    {
      "text": "Clustering quality varies across domains because the model overweights generic terms and misses domain-specific vocabulary, leading to false merges. Introduce domain-aware text features (e.g., domain keyword lists, ID/sku/code detection, and stopword overrides) and incorporate them into similarity scoring so clusters only merge when domain-specific signals align. Add configuration to enable/disable these signals per integration/source (e.g., Zendesk vs. Intercom) to avoid regressions.",
      "link": "https://www.onyx.app/91085"
    }
  ],
  "primary_owners": [],
  "secondary_owners": []
}