{
  "id": "9961219",
  "semantic_identifier": "[GOLD-113]: Warning alerts v3: Implement driver extraction + ranking for slippage/loss alerts",
  "title": "Warning alerts v3: Implement driver extraction + ranking for slippage/loss alerts",
  "source": "linear",
  "doc_updated_at": "2025-10-29",
  "metadata": {
    "team": "engineering",
    "creator": {
      "name": "michael_anderson",
      "email": "michael_anderson@netherite-extraction.onyx.app"
    },
    "assignee": {
      "name": "kevin_sullivan",
      "email": "kevin_sullivan@netherite-extraction.onyx.app"
    },
    "state": "cancelled",
    "priority": "high",
    "created_at": "2025-10-29"
  },
  "doc_metadata": null,
  "sections": [
    {
      "text": "Build the alert \u201cdrivers\u201d pipeline that takes the v3 risk scoring output and produces a ranked list of contributing factors (e.g., stage duration, next-step missing, activity decay, close date movement, low fit score) with per-driver impact and supporting evidence fields. Ensure drivers are normalized across CRMs (Salesforce/HubSpot) and returned in a stable schema for downstream recommendations/UI. Include unit tests for ranking determinism and null/missing-field handling.",
      "link": "https://www.onyx.app/20502"
    }
  ],
  "primary_owners": [],
  "secondary_owners": []
}