{
  "id": "6001666",
  "semantic_identifier": "[GOLD-72]: Define CRM-embedded Guidance surface (UI spec + entry points)",
  "title": "Define CRM-embedded Guidance surface (UI spec + entry points)",
  "source": "linear",
  "doc_updated_at": "2025-04-30",
  "metadata": {
    "team": "engineering",
    "creator": {
      "name": "sofia_ramirez",
      "email": "sofia_ramirez@netherite-extraction.onyx.app"
    },
    "assignee": {
      "name": "ryan_murphy",
      "email": "ryan_murphy@netherite-extraction.onyx.app"
    },
    "state": "done",
    "priority": "low",
    "created_at": "2025-04-30"
  },
  "doc_metadata": null,
  "sections": [
    {
      "text": "Specify the minimum viable in-CRM UI for viewing Sales_Accelerator guidance without leaving Salesforce/HubSpot (e.g., sidebar panel, record page card, or extension). Document where guidance should appear for Accounts and Opportunities, what content blocks are in scope (best-next-action, risk alerts, fit/positioning snippets), and expected copy actions. Include wireframe-level requirements and acceptance criteria to unblock implementation tickets.",
      "link": "https://www.onyx.app/41335"
    }
  ],
  "primary_owners": [],
  "secondary_owners": []
}