{
  "id": "2046978",
  "semantic_identifier": "[GOLD-49]: Add positioning recommendation versioning and channel pinning to reduce messaging drift",
  "title": "Add positioning recommendation versioning and channel pinning to reduce messaging drift",
  "source": "linear",
  "doc_updated_at": "2025-12-14",
  "metadata": {
    "team": "engineering",
    "creator": {
      "name": "kenji_watanabe",
      "email": "kenji_watanabe@netherite-extraction.onyx.app"
    },
    "assignee": {
      "name": "ryan_murphy",
      "email": "ryan_murphy@netherite-extraction.onyx.app"
    },
    "state": "cancelled",
    "priority": "low",
    "created_at": "2025-12-14"
  },
  "doc_metadata": null,
  "sections": [
    {
      "text": "Implement lightweight versioning for positioning recommendations (segment + effective date + author/approver) and allow each messaging channel asset to be pinned to an approved recommendation version. Store the pinned version ID on each asset and expose it in the internal API so the existing messaging consistency audit can compare against the correct baseline. This prevents teams from unknowingly referencing outdated recommendations when updating copy across channels.",
      "link": "https://www.onyx.app/22030"
    }
  ],
  "primary_owners": [],
  "secondary_owners": []
}