{
  "id": "6922240",
  "semantic_identifier": "[GOLD-10]: Add Fit Driver input preview + field mapping step during setup",
  "title": "Add Fit Driver input preview + field mapping step during setup",
  "source": "linear",
  "doc_updated_at": "2025-05-22",
  "metadata": {
    "team": "engineering",
    "creator": {
      "name": "sofia_ramirez",
      "email": "sofia_ramirez@netherite-extraction.onyx.app"
    },
    "assignee": {
      "name": "ryan_murphy",
      "email": "ryan_murphy@netherite-extraction.onyx.app"
    },
    "state": "done",
    "priority": "medium",
    "created_at": "2025-05-22"
  },
  "doc_metadata": null,
  "sections": [
    {
      "text": "In the setup flow, add a preview step that shows the top candidate fields/events behind each selected Fit Driver along with sample values and fill-rate/coverage. Let users map or swap the underlying source field (e.g., choose a different CRM property, pick the correct event name, or select an alternate survey question) before continuing. Persist these mappings per workspace so subsequent ingests use the same field bindings without repeated user effort.",
      "link": "https://www.onyx.app/40383"
    }
  ],
  "primary_owners": [],
  "secondary_owners": []
}