{
  "id": "6799195",
  "semantic_identifier": "[GOLD-168]: issue_history v2: Add ownership fields + assignment events to issue history model",
  "title": "issue_history v2: Add ownership fields + assignment events to issue history model",
  "source": "linear",
  "doc_updated_at": "2025-07-13",
  "metadata": {
    "team": "engineering",
    "creator": {
      "name": "kenji_watanabe",
      "email": "kenji_watanabe@netherite-extraction.onyx.app"
    },
    "assignee": {
      "name": "tyler_jenkins",
      "email": "tyler_jenkins@netherite-extraction.onyx.app"
    },
    "state": "done",
    "priority": "medium",
    "created_at": "2025-07-13"
  },
  "doc_metadata": null,
  "sections": [
    {
      "text": "Extend the issue_history v2 data model to support explicit ownership (current owner, team, and assignee source) and record ownership changes as first-class timeline events. Update ingestion/sync so assignments from connected delivery tools (e.g., Linear/Jira) and manual triage actions are persisted consistently. Ensure ownership can be queried and displayed alongside other issue history events to enable downstream SLA timers and decision notes.",
      "link": "https://www.onyx.app/60083"
    }
  ],
  "primary_owners": [],
  "secondary_owners": []
}