{
  "id": "6651341",
  "semantic_identifier": "[GOLD-40]: Define alert types and trigger conditions for fit drift, segment changes, and emerging high-fit cohorts",
  "title": "Define alert types and trigger conditions for fit drift, segment changes, and emerging high-fit cohorts",
  "source": "linear",
  "doc_updated_at": "2025-10-30",
  "metadata": {
    "team": "engineering",
    "creator": {
      "name": "kenji_watanabe",
      "email": "kenji_watanabe@netherite-extraction.onyx.app"
    },
    "assignee": {
      "name": "andre_robinson",
      "email": "andre_robinson@netherite-extraction.onyx.app"
    },
    "state": "done",
    "priority": "high",
    "created_at": "2025-10-30"
  },
  "doc_metadata": null,
  "sections": [
    {
      "text": "Create a clear spec for alert categories (fit drift detection, segment membership changes, and newly emerging high-fit cohorts) including exact trigger logic, thresholds, evaluation cadence, and required inputs/signals. Document edge cases (missing data, low-volume segments, backfills) and expected alert payload fields for downstream delivery/UI. This ticket outputs an agreed-upon alert contract that engineering can implement and QA against in subsequent tickets.",
      "link": "https://www.onyx.app/32199"
    }
  ],
  "primary_owners": [],
  "secondary_owners": []
}