{
  "id": "9670490",
  "semantic_identifier": "[GOLD-193]: Auto-populate Attribution Evidence on Issues from CRM + pipeline context",
  "title": "Auto-populate Attribution Evidence on Issues from CRM + pipeline context",
  "source": "linear",
  "doc_updated_at": "2025-12-10",
  "metadata": {
    "team": "engineering",
    "creator": {
      "name": "michael_anderson",
      "email": "michael_anderson@netherite-extraction.onyx.app"
    },
    "assignee": {
      "name": "kevin_sullivan",
      "email": "kevin_sullivan@netherite-extraction.onyx.app"
    },
    "state": "in_progress",
    "priority": "high",
    "created_at": "2025-12-10"
  },
  "doc_metadata": null,
  "sections": [
    {
      "text": "Implement a data enrichment job that populates the new Attribution Evidence fields on Issue objects using linked CRM accounts, open opportunities, and support conversation metadata. Ensure updates are incremental (only when source data changes) and that each populated value retains a source reference (e.g., account/opportunity IDs and timestamps) to reduce internal disputes. Include a one-time backfill for existing Issues with known account/opportunity links.",
      "link": "https://www.onyx.app/71939"
    }
  ],
  "primary_owners": [],
  "secondary_owners": []
}