{
  "id": "2976876",
  "semantic_identifier": "[GOLD-35]: Add confidence intervals to Fit Score explainability output",
  "title": "Add confidence intervals to Fit Score explainability output",
  "source": "linear",
  "doc_updated_at": "2025-11-21",
  "metadata": {
    "team": "engineering",
    "creator": {
      "name": "michael_anderson",
      "email": "michael_anderson@netherite-extraction.onyx.app"
    },
    "assignee": {
      "name": "jiwon_kang",
      "email": "jiwon_kang@netherite-extraction.onyx.app"
    },
    "state": "open",
    "priority": "medium",
    "created_at": "2025-11-21"
  },
  "doc_metadata": null,
  "sections": [
    {
      "text": "Implement confidence interval calculation and surfacing for segment and account-level Fit Scores in the explainability payload. Update the scoring service to return interval bounds and ensure the API/SDK response includes them in a backwards-compatible way. Add basic unit tests to validate interval generation across low-signal and high-signal segments.",
      "link": "https://www.onyx.app/76879"
    }
  ],
  "primary_owners": [],
  "secondary_owners": []
}