{
  "id": "4454617",
  "semantic_identifier": "[GOLD-127]: Persist drift events with model/version + segment context for recalibration workflows",
  "title": "Persist drift events with model/version + segment context for recalibration workflows",
  "source": "linear",
  "doc_updated_at": "2025-10-26",
  "metadata": {
    "team": "engineering",
    "creator": {
      "name": "sofia_ramirez",
      "email": "sofia_ramirez@netherite-extraction.onyx.app"
    },
    "assignee": {
      "name": "brooke_spencer",
      "email": "brooke_spencer@netherite-extraction.onyx.app"
    },
    "state": "done",
    "priority": "low",
    "created_at": "2025-10-26"
  },
  "doc_metadata": null,
  "sections": [
    {
      "text": "When drift is flagged by GOLD-125, store a durable DriftEvent record that captures model name, model version, time window, triggering metrics/thresholds, and affected segments (e.g., ICP tier, industry, region). Include a lightweight data snapshot pointer (query params or dataset ID) so downstream evaluation/retraining jobs can reproduce the exact slice without re-deriving it. Expose the DriftEvent via an internal API for sales ops/engineering to triage and prioritize recalibration work.",
      "link": "https://www.onyx.app/20080"
    }
  ],
  "primary_owners": [],
  "secondary_owners": []
}