{
  "id": "hubspot_company_7342240",
  "semantic_identifier": "Alpinequill Publishing",
  "title": null,
  "source": "hubspot",
  "doc_updated_at": "2025-09-22 00:00:00",
  "metadata": {
    "object_type": "company",
    "company_id": "7342240",
    "domain": "alpinequill_publishing.onyx.app",
    "associated_contact_ids": []
  },
  "doc_metadata": {
    "hierarchy": {
      "source_path": [
        "Companies"
      ]
    }
  },
  "sections": [
    {
      "text": "Company: Alpinequill Publishing\nDomain: alpinequill_publishing.onyx.app",
      "link": "https://www.onyx.app/52986"
    },
    {
      "text": "Contact: Asher Benson\nEmail: asher_benson@alpinequill_publishing.onyx.app",
      "link": "https://www.onyx.app/35086"
    }
  ],
  "primary_owners": [],
  "secondary_owners": []
}