{
  "id": "hubspot_company_3052222",
  "semantic_identifier": "Apexnova Solutions",
  "title": null,
  "source": "hubspot",
  "doc_updated_at": "2025-03-30 00:00:00",
  "metadata": {
    "object_type": "company",
    "company_id": "3052222",
    "domain": "apexnova_solutions.onyx.app",
    "associated_contact_ids": []
  },
  "doc_metadata": {
    "hierarchy": {
      "source_path": [
        "Companies"
      ]
    }
  },
  "sections": [
    {
      "text": "Company: Apexnova Solutions\nDomain: apexnova_solutions.onyx.app",
      "link": "https://www.onyx.app/19203"
    },
    {
      "text": "Contact: Maria Lane\nEmail: maria_lane@apexnova_solutions.onyx.app",
      "link": "https://www.onyx.app/94389"
    }
  ],
  "primary_owners": [],
  "secondary_owners": []
}