{
  "id": "hubspot_company_4401203",
  "semantic_identifier": "Arcadia Pulse Finance",
  "title": null,
  "source": "hubspot",
  "doc_updated_at": "2025-11-06 00:00:00",
  "metadata": {
    "object_type": "company",
    "company_id": "4401203",
    "domain": "arcadia_pulse_finance.onyx.app",
    "associated_contact_ids": []
  },
  "doc_metadata": {
    "hierarchy": {
      "source_path": [
        "Companies"
      ]
    }
  },
  "sections": [
    {
      "text": "Company: Arcadia Pulse Finance\nDomain: arcadia_pulse_finance.onyx.app",
      "link": "https://www.onyx.app/91684"
    },
    {
      "text": "Contact: Jamie Robinson\nEmail: jamie_robinson@arcadia_pulse_finance.onyx.app",
      "link": "https://www.onyx.app/26013"
    }
  ],
  "primary_owners": [],
  "secondary_owners": []
}