{
  "id": "hubspot_company_4611475",
  "semantic_identifier": "Aurorakite Software",
  "title": null,
  "source": "hubspot",
  "doc_updated_at": "2025-09-07 00:00:00",
  "metadata": {
    "object_type": "company",
    "company_id": "4611475",
    "domain": "aurorakite_software.onyx.app",
    "associated_contact_ids": []
  },
  "doc_metadata": {
    "hierarchy": {
      "source_path": [
        "Companies"
      ]
    }
  },
  "sections": [
    {
      "text": "Company: Aurorakite Software\nDomain: aurorakite_software.onyx.app",
      "link": "https://www.onyx.app/15954"
    },
    {
      "text": "Contact: Marco Aguilar\nEmail: marco_aguilar@aurorakite_software.onyx.app",
      "link": "https://www.onyx.app/91663"
    }
  ],
  "primary_owners": [],
  "secondary_owners": []
}