{
  "id": "hubspot_company_3891325",
  "semantic_identifier": "Copperlane Construction",
  "title": null,
  "source": "hubspot",
  "doc_updated_at": "2025-07-17 00:00:00",
  "metadata": {
    "object_type": "company",
    "company_id": "3891325",
    "domain": "copperlane_construction.onyx.app",
    "associated_contact_ids": []
  },
  "doc_metadata": {
    "hierarchy": {
      "source_path": [
        "Companies"
      ]
    }
  },
  "sections": [
    {
      "text": "Company: Copperlane Construction\nDomain: copperlane_construction.onyx.app",
      "link": "https://www.onyx.app/50449"
    },
    {
      "text": "Contact: Andres Herrera\nEmail: andres_herrera@copperlane_construction.onyx.app",
      "link": "https://www.onyx.app/77014"
    }
  ],
  "primary_owners": [],
  "secondary_owners": []
}