{
  "id": "hubspot_company_5640869",
  "semantic_identifier": "Crimson Meadow Brewing",
  "title": null,
  "source": "hubspot",
  "doc_updated_at": "2025-12-14 00:00:00",
  "metadata": {
    "object_type": "company",
    "company_id": "5640869",
    "domain": "crimson_meadow_brewing.onyx.app",
    "associated_contact_ids": []
  },
  "doc_metadata": {
    "hierarchy": {
      "source_path": [
        "Companies"
      ]
    }
  },
  "sections": [
    {
      "text": "Company: Crimson Meadow Brewing\nDomain: crimson_meadow_brewing.onyx.app",
      "link": "https://www.onyx.app/41724"
    },
    {
      "text": "Contact: Ryan Dean\nEmail: ryan_dean@crimson_meadow_brewing.onyx.app",
      "link": "https://www.onyx.app/52761"
    }
  ],
  "primary_owners": [],
  "secondary_owners": []
}