{
  "id": "hubspot_company_3476570",
  "semantic_identifier": "Deltavantage Group",
  "title": null,
  "source": "hubspot",
  "doc_updated_at": "2025-08-16 00:00:00",
  "metadata": {
    "object_type": "company",
    "company_id": "3476570",
    "domain": "deltavantage_group.onyx.app",
    "associated_contact_ids": []
  },
  "doc_metadata": {
    "hierarchy": {
      "source_path": [
        "Companies"
      ]
    }
  },
  "sections": [
    {
      "text": "Company: Deltavantage Group\nDomain: deltavantage_group.onyx.app",
      "link": "https://www.onyx.app/66313"
    },
    {
      "text": "Contact: Mia Newman\nEmail: mia_newman@deltavantage_group.onyx.app",
      "link": "https://www.onyx.app/12216"
    }
  ],
  "primary_owners": [],
  "secondary_owners": []
}