{
  "id": "hubspot_company_6456969",
  "semantic_identifier": "Firefly Meridian Labs",
  "title": null,
  "source": "hubspot",
  "doc_updated_at": "2025-09-10 00:00:00",
  "metadata": {
    "object_type": "company",
    "company_id": "6456969",
    "domain": "firefly_meridian_labs.onyx.app",
    "associated_contact_ids": []
  },
  "doc_metadata": {
    "hierarchy": {
      "source_path": [
        "Companies"
      ]
    }
  },
  "sections": [
    {
      "text": "Company: Firefly Meridian Labs\nDomain: firefly_meridian_labs.onyx.app",
      "link": "https://www.onyx.app/49150"
    },
    {
      "text": "Contact: Thomas Gray\nEmail: thomas_gray@firefly_meridian_labs.onyx.app",
      "link": "https://www.onyx.app/54145"
    }
  ],
  "primary_owners": [],
  "secondary_owners": []
}