{
  "id": "hubspot_company_3922360",
  "semantic_identifier": "Flint & Fjord Outfitters",
  "title": null,
  "source": "hubspot",
  "doc_updated_at": "2025-08-06 00:00:00",
  "metadata": {
    "object_type": "company",
    "company_id": "3922360",
    "domain": "flint_&_fjord_outfitters.onyx.app",
    "associated_contact_ids": []
  },
  "doc_metadata": {
    "hierarchy": {
      "source_path": [
        "Companies"
      ]
    }
  },
  "sections": [
    {
      "text": "Company: Flint & Fjord Outfitters\nDomain: flint_&_fjord_outfitters.onyx.app",
      "link": "https://www.onyx.app/33957"
    },
    {
      "text": "Contact: Eric Tran\nEmail: eric_tran@flint_&_fjord_outfitters.onyx.app",
      "link": "https://www.onyx.app/22970"
    }
  ],
  "primary_owners": [],
  "secondary_owners": []
}