{
  "id": "hubspot_company_1039575",
  "semantic_identifier": "Inland Crest Packaging",
  "title": null,
  "source": "hubspot",
  "doc_updated_at": "2025-09-29 00:00:00",
  "metadata": {
    "object_type": "company",
    "company_id": "1039575",
    "domain": "inland_crest_packaging.onyx.app",
    "associated_contact_ids": []
  },
  "doc_metadata": {
    "hierarchy": {
      "source_path": [
        "Companies"
      ]
    }
  },
  "sections": [
    {
      "text": "Company: Inland Crest Packaging\nDomain: inland_crest_packaging.onyx.app",
      "link": "https://www.onyx.app/72593"
    },
    {
      "text": "Contact: Jerry Dean\nEmail: jerry_dean@inland_crest_packaging.onyx.app",
      "link": "https://www.onyx.app/27061"
    }
  ],
  "primary_owners": [],
  "secondary_owners": []
}