{
  "id": "hubspot_company_9067810",
  "semantic_identifier": "Juniperforge Studios",
  "title": null,
  "source": "hubspot",
  "doc_updated_at": "2025-09-15 00:00:00",
  "metadata": {
    "object_type": "company",
    "company_id": "9067810",
    "domain": "juniperforge_studios.onyx.app",
    "associated_contact_ids": []
  },
  "doc_metadata": {
    "hierarchy": {
      "source_path": [
        "Companies"
      ]
    }
  },
  "sections": [
    {
      "text": "Company: Juniperforge Studios\nDomain: juniperforge_studios.onyx.app",
      "link": "https://www.onyx.app/41447"
    },
    {
      "text": "Contact: Griffin Burke\nEmail: griffin_burke@juniperforge_studios.onyx.app",
      "link": "https://www.onyx.app/15737"
    }
  ],
  "primary_owners": [],
  "secondary_owners": []
}