{
  "id": "hubspot_company_2211395",
  "semantic_identifier": "Keystone Atlas Partners",
  "title": null,
  "source": "hubspot",
  "doc_updated_at": "2025-03-15 00:00:00",
  "metadata": {
    "object_type": "company",
    "company_id": "2211395",
    "domain": "keystone_atlas_partners.onyx.app",
    "associated_contact_ids": []
  },
  "doc_metadata": {
    "hierarchy": {
      "source_path": [
        "Companies"
      ]
    }
  },
  "sections": [
    {
      "text": "Company: Keystone Atlas Partners\nDomain: keystone_atlas_partners.onyx.app",
      "link": "https://www.onyx.app/78222"
    },
    {
      "text": "Contact: Mason Davis\nEmail: mason_davis@keystone_atlas_partners.onyx.app",
      "link": "https://www.onyx.app/25574"
    }
  ],
  "primary_owners": [],
  "secondary_owners": []
}