{
  "id": "hubspot_company_3309715",
  "semantic_identifier": "Kindredcove Care",
  "title": null,
  "source": "hubspot",
  "doc_updated_at": "2025-10-19 00:00:00",
  "metadata": {
    "object_type": "company",
    "company_id": "3309715",
    "domain": "kindredcove_care.onyx.app",
    "associated_contact_ids": []
  },
  "doc_metadata": {
    "hierarchy": {
      "source_path": [
        "Companies"
      ]
    }
  },
  "sections": [
    {
      "text": "Company: Kindredcove Care\nDomain: kindredcove_care.onyx.app",
      "link": "https://www.onyx.app/57654"
    },
    {
      "text": "Contact: Joel Dean\nEmail: joel_dean@kindredcove_care.onyx.app",
      "link": "https://www.onyx.app/46080"
    }
  ],
  "primary_owners": [],
  "secondary_owners": []
}