{
  "id": "hubspot_company_7631728",
  "semantic_identifier": "Lucid Grove Studios",
  "title": null,
  "source": "hubspot",
  "doc_updated_at": "2025-12-08 00:00:00",
  "metadata": {
    "object_type": "company",
    "company_id": "7631728",
    "domain": "lucid_grove_studios.onyx.app",
    "associated_contact_ids": []
  },
  "doc_metadata": {
    "hierarchy": {
      "source_path": [
        "Companies"
      ]
    }
  },
  "sections": [
    {
      "text": "Company: Lucid Grove Studios\nDomain: lucid_grove_studios.onyx.app",
      "link": "https://www.onyx.app/81174"
    },
    {
      "text": "Contact: Ava Jacobs\nEmail: ava_jacobs@lucid_grove_studios.onyx.app",
      "link": "https://www.onyx.app/16393"
    }
  ],
  "primary_owners": [],
  "secondary_owners": []
}