{
  "id": "hubspot_company_1370603",
  "semantic_identifier": "Meridianoak Holdings",
  "title": null,
  "source": "hubspot",
  "doc_updated_at": "2025-08-25 00:00:00",
  "metadata": {
    "object_type": "company",
    "company_id": "1370603",
    "domain": "meridianoak_holdings.onyx.app",
    "associated_contact_ids": []
  },
  "doc_metadata": {
    "hierarchy": {
      "source_path": [
        "Companies"
      ]
    }
  },
  "sections": [
    {
      "text": "Company: Meridianoak Holdings\nDomain: meridianoak_holdings.onyx.app",
      "link": "https://www.onyx.app/37268"
    },
    {
      "text": "Contact: Jonathan Mason\nEmail: jonathan_mason@meridianoak_holdings.onyx.app",
      "link": "https://www.onyx.app/63742"
    }
  ],
  "primary_owners": [],
  "secondary_owners": []
}