{
  "id": "hubspot_company_5863921",
  "semantic_identifier": "Novafathom Analytics",
  "title": null,
  "source": "hubspot",
  "doc_updated_at": "2025-11-12 00:00:00",
  "metadata": {
    "object_type": "company",
    "company_id": "5863921",
    "domain": "novafathom_analytics.onyx.app",
    "associated_contact_ids": []
  },
  "doc_metadata": {
    "hierarchy": {
      "source_path": [
        "Companies"
      ]
    }
  },
  "sections": [
    {
      "text": "Company: Novafathom Analytics\nDomain: novafathom_analytics.onyx.app",
      "link": "https://www.onyx.app/94392"
    },
    {
      "text": "Contact: Isabel Patel\nEmail: isabel_patel@novafathom_analytics.onyx.app",
      "link": "https://www.onyx.app/79066"
    }
  ],
  "primary_owners": [],
  "secondary_owners": []
}