{
  "id": "hubspot_company_9088135",
  "semantic_identifier": "Opalgate Enterprises",
  "title": null,
  "source": "hubspot",
  "doc_updated_at": "2025-12-13 00:00:00",
  "metadata": {
    "object_type": "company",
    "company_id": "9088135",
    "domain": "opalgate_enterprises.onyx.app",
    "associated_contact_ids": []
  },
  "doc_metadata": {
    "hierarchy": {
      "source_path": [
        "Companies"
      ]
    }
  },
  "sections": [
    {
      "text": "Company: Opalgate Enterprises\nDomain: opalgate_enterprises.onyx.app",
      "link": "https://www.onyx.app/60226"
    },
    {
      "text": "Contact: Aria Daniels\nEmail: aria_daniels@opalgate_enterprises.onyx.app",
      "link": "https://www.onyx.app/44321"
    }
  ],
  "primary_owners": [],
  "secondary_owners": []
}