{
  "id": "hubspot_company_8013163",
  "semantic_identifier": "Orchidpointe Hospitality",
  "title": null,
  "source": "hubspot",
  "doc_updated_at": "2025-11-21 00:00:00",
  "metadata": {
    "object_type": "company",
    "company_id": "8013163",
    "domain": "orchidpointe_hospitality.onyx.app",
    "associated_contact_ids": []
  },
  "doc_metadata": {
    "hierarchy": {
      "source_path": [
        "Companies"
      ]
    }
  },
  "sections": [
    {
      "text": "Company: Orchidpointe Hospitality\nDomain: orchidpointe_hospitality.onyx.app",
      "link": "https://www.onyx.app/13912"
    },
    {
      "text": "Contact: Jace Matthews\nEmail: jace_matthews@orchidpointe_hospitality.onyx.app",
      "link": "https://www.onyx.app/17474"
    }
  ],
  "primary_owners": [],
  "secondary_owners": []
}