{
  "id": "hubspot_company_4672489",
  "semantic_identifier": "Pacific Ember Foods",
  "title": null,
  "source": "hubspot",
  "doc_updated_at": "2025-06-13 00:00:00",
  "metadata": {
    "object_type": "company",
    "company_id": "4672489",
    "domain": "pacific_ember_foods.onyx.app",
    "associated_contact_ids": []
  },
  "doc_metadata": {
    "hierarchy": {
      "source_path": [
        "Companies"
      ]
    }
  },
  "sections": [
    {
      "text": "Company: Pacific Ember Foods\nDomain: pacific_ember_foods.onyx.app",
      "link": "https://www.onyx.app/48540"
    },
    {
      "text": "Contact: Kent Delgado\nEmail: kent_delgado@pacific_ember_foods.onyx.app",
      "link": "https://www.onyx.app/25276"
    }
  ],
  "primary_owners": [],
  "secondary_owners": []
}