{
  "id": "hubspot_company_1763335",
  "semantic_identifier": "Pinewell Logistics",
  "title": null,
  "source": "hubspot",
  "doc_updated_at": "2025-11-14 00:00:00",
  "metadata": {
    "object_type": "company",
    "company_id": "1763335",
    "domain": "pinewell_logistics.onyx.app",
    "associated_contact_ids": []
  },
  "doc_metadata": {
    "hierarchy": {
      "source_path": [
        "Companies"
      ]
    }
  },
  "sections": [
    {
      "text": "Company: Pinewell Logistics\nDomain: pinewell_logistics.onyx.app",
      "link": "https://www.onyx.app/12194"
    },
    {
      "text": "Contact: Grace Pierce\nEmail: grace_pierce@pinewell_logistics.onyx.app",
      "link": "https://www.onyx.app/90030"
    }
  ],
  "primary_owners": [],
  "secondary_owners": []
}