{
  "id": "hubspot_company_1273449",
  "semantic_identifier": "Quicksilver Freight",
  "title": null,
  "source": "hubspot",
  "doc_updated_at": "2025-08-13 00:00:00",
  "metadata": {
    "object_type": "company",
    "company_id": "1273449",
    "domain": "quicksilver_freight.onyx.app",
    "associated_contact_ids": []
  },
  "doc_metadata": {
    "hierarchy": {
      "source_path": [
        "Companies"
      ]
    }
  },
  "sections": [
    {
      "text": "Company: Quicksilver Freight\nDomain: quicksilver_freight.onyx.app",
      "link": "https://www.onyx.app/20457"
    },
    {
      "text": "Contact: Noor Farooq\nEmail: noor_farooq@quicksilver_freight.onyx.app",
      "link": "https://www.onyx.app/97497"
    }
  ],
  "primary_owners": [],
  "secondary_owners": []
}