{
  "id": "hubspot_company_9723386",
  "semantic_identifier": "Radiant Vale Utilities",
  "title": null,
  "source": "hubspot",
  "doc_updated_at": "2025-08-06 00:00:00",
  "metadata": {
    "object_type": "company",
    "company_id": "9723386",
    "domain": "radiant_vale_utilities.onyx.app",
    "associated_contact_ids": []
  },
  "doc_metadata": {
    "hierarchy": {
      "source_path": [
        "Companies"
      ]
    }
  },
  "sections": [
    {
      "text": "Company: Radiant Vale Utilities\nDomain: radiant_vale_utilities.onyx.app",
      "link": "https://www.onyx.app/20898"
    },
    {
      "text": "Contact: Sophia Chen\nEmail: sophia_chen@radiant_vale_utilities.onyx.app",
      "link": "https://www.onyx.app/96984"
    }
  ],
  "primary_owners": [],
  "secondary_owners": []
}