{
  "id": "hubspot_company_9500679",
  "semantic_identifier": "Riverstone Aeroworks",
  "title": null,
  "source": "hubspot",
  "doc_updated_at": "2025-09-29 00:00:00",
  "metadata": {
    "object_type": "company",
    "company_id": "9500679",
    "domain": "riverstone_aeroworks.onyx.app",
    "associated_contact_ids": []
  },
  "doc_metadata": {
    "hierarchy": {
      "source_path": [
        "Companies"
      ]
    }
  },
  "sections": [
    {
      "text": "Company: Riverstone Aeroworks\nDomain: riverstone_aeroworks.onyx.app",
      "link": "https://www.onyx.app/53327"
    },
    {
      "text": "Contact: Addison Simmons\nEmail: addison_simmons@riverstone_aeroworks.onyx.app",
      "link": "https://www.onyx.app/16867"
    }
  ],
  "primary_owners": [],
  "secondary_owners": []
}