{
  "id": "hubspot_company_4883131",
  "semantic_identifier": "Starfall Terra Analytics",
  "title": null,
  "source": "hubspot",
  "doc_updated_at": "2025-07-10 00:00:00",
  "metadata": {
    "object_type": "company",
    "company_id": "4883131",
    "domain": "starfall_terra_analytics.onyx.app",
    "associated_contact_ids": []
  },
  "doc_metadata": {
    "hierarchy": {
      "source_path": [
        "Companies"
      ]
    }
  },
  "sections": [
    {
      "text": "Company: Starfall Terra Analytics\nDomain: starfall_terra_analytics.onyx.app",
      "link": "https://www.onyx.app/93904"
    },
    {
      "text": "Contact: Audrey Rogers\nEmail: audrey_rogers@starfall_terra_analytics.onyx.app",
      "link": "https://www.onyx.app/51324"
    }
  ],
  "primary_owners": [],
  "secondary_owners": []
}