{
  "id": "hubspot_company_3901132",
  "semantic_identifier": "Sunfield Artisan Goods",
  "title": null,
  "source": "hubspot",
  "doc_updated_at": "2025-12-01 00:00:00",
  "metadata": {
    "object_type": "company",
    "company_id": "3901132",
    "domain": "sunfield_artisan_goods.onyx.app",
    "associated_contact_ids": []
  },
  "doc_metadata": {
    "hierarchy": {
      "source_path": [
        "Companies"
      ]
    }
  },
  "sections": [
    {
      "text": "Company: Sunfield Artisan Goods\nDomain: sunfield_artisan_goods.onyx.app",
      "link": "https://www.onyx.app/42225"
    },
    {
      "text": "Contact: Sofia Warren\nEmail: sofia_warren@sunfield_artisan_goods.onyx.app",
      "link": "https://www.onyx.app/32175"
    }
  ],
  "primary_owners": [],
  "secondary_owners": []
}