{
  "id": "hubspot_company_4493230",
  "semantic_identifier": "Terraspire Energy",
  "title": null,
  "source": "hubspot",
  "doc_updated_at": "2025-07-04 00:00:00",
  "metadata": {
    "object_type": "company",
    "company_id": "4493230",
    "domain": "terraspire_energy.onyx.app",
    "associated_contact_ids": []
  },
  "doc_metadata": {
    "hierarchy": {
      "source_path": [
        "Companies"
      ]
    }
  },
  "sections": [
    {
      "text": "Company: Terraspire Energy\nDomain: terraspire_energy.onyx.app",
      "link": "https://www.onyx.app/38432"
    },
    {
      "text": "Contact: Max Chavez\nEmail: max_chavez@terraspire_energy.onyx.app",
      "link": "https://www.onyx.app/14473"
    }
  ],
  "primary_owners": [],
  "secondary_owners": []
}