{
  "id": "hubspot_company_2644727",
  "semantic_identifier": "Umbraleaf Biotech",
  "title": null,
  "source": "hubspot",
  "doc_updated_at": "2025-04-20 00:00:00",
  "metadata": {
    "object_type": "company",
    "company_id": "2644727",
    "domain": "umbraleaf_biotech.onyx.app",
    "associated_contact_ids": []
  },
  "doc_metadata": {
    "hierarchy": {
      "source_path": [
        "Companies"
      ]
    }
  },
  "sections": [
    {
      "text": "Company: Umbraleaf Biotech\nDomain: umbraleaf_biotech.onyx.app",
      "link": "https://www.onyx.app/25208"
    },
    {
      "text": "Contact: Larry Delgado\nEmail: larry_delgado@umbraleaf_biotech.onyx.app",
      "link": "https://www.onyx.app/39894"
    }
  ],
  "primary_owners": [],
  "secondary_owners": []
}