{
  "id": "hubspot_company_1381842",
  "semantic_identifier": "Urbannectar Cosmetics",
  "title": null,
  "source": "hubspot",
  "doc_updated_at": "2025-09-28 00:00:00",
  "metadata": {
    "object_type": "company",
    "company_id": "1381842",
    "domain": "urbannectar_cosmetics.onyx.app",
    "associated_contact_ids": []
  },
  "doc_metadata": {
    "hierarchy": {
      "source_path": [
        "Companies"
      ]
    }
  },
  "sections": [
    {
      "text": "Company: Urbannectar Cosmetics\nDomain: urbannectar_cosmetics.onyx.app",
      "link": "https://www.onyx.app/32910"
    },
    {
      "text": "Contact: Ellis Adams\nEmail: ellis_adams@urbannectar_cosmetics.onyx.app",
      "link": "https://www.onyx.app/83565"
    }
  ],
  "primary_owners": [],
  "secondary_owners": []
}