{
  "id": "hubspot_company_7578020",
  "semantic_identifier": "Westgate Alloy Works",
  "title": null,
  "source": "hubspot",
  "doc_updated_at": "2025-12-11 00:00:00",
  "metadata": {
    "object_type": "company",
    "company_id": "7578020",
    "domain": "westgate_alloy_works.onyx.app",
    "associated_contact_ids": []
  },
  "doc_metadata": {
    "hierarchy": {
      "source_path": [
        "Companies"
      ]
    }
  },
  "sections": [
    {
      "text": "Company: Westgate Alloy Works\nDomain: westgate_alloy_works.onyx.app",
      "link": "https://www.onyx.app/43779"
    },
    {
      "text": "Contact: Levi Ray\nEmail: levi_ray@westgate_alloy_works.onyx.app",
      "link": "https://www.onyx.app/42215"
    }
  ],
  "primary_owners": [],
  "secondary_owners": []
}