{
  "id": "hubspot_company_8479865",
  "semantic_identifier": "Willowarc Financial",
  "title": null,
  "source": "hubspot",
  "doc_updated_at": "2025-08-25 00:00:00",
  "metadata": {
    "object_type": "company",
    "company_id": "8479865",
    "domain": "willowarc_financial.onyx.app",
    "associated_contact_ids": []
  },
  "doc_metadata": {
    "hierarchy": {
      "source_path": [
        "Companies"
      ]
    }
  },
  "sections": [
    {
      "text": "Company: Willowarc Financial\nDomain: willowarc_financial.onyx.app",
      "link": "https://www.onyx.app/55472"
    },
    {
      "text": "Contact: Xavier Walker\nEmail: xavier_walker@willowarc_financial.onyx.app",
      "link": "https://www.onyx.app/65669"
    }
  ],
  "primary_owners": [],
  "secondary_owners": []
}