{
  "id": "hubspot_company_8646313",
  "semantic_identifier": "Xenith Argo Logistics",
  "title": null,
  "source": "hubspot",
  "doc_updated_at": "2025-05-03 00:00:00",
  "metadata": {
    "object_type": "company",
    "company_id": "8646313",
    "domain": "xenith_argo_logistics.onyx.app",
    "associated_contact_ids": []
  },
  "doc_metadata": {
    "hierarchy": {
      "source_path": [
        "Companies"
      ]
    }
  },
  "sections": [
    {
      "text": "Company: Xenith Argo Logistics\nDomain: xenith_argo_logistics.onyx.app",
      "link": "https://www.onyx.app/91150"
    },
    {
      "text": "Contact: Claire Bell\nEmail: claire_bell@xenith_argo_logistics.onyx.app",
      "link": "https://www.onyx.app/38682"
    }
  ],
  "primary_owners": [],
  "secondary_owners": []
}