{
  "id": "hubspot_company_2250765",
  "semantic_identifier": "Xenonpath Networks",
  "title": null,
  "source": "hubspot",
  "doc_updated_at": "2025-10-13 00:00:00",
  "metadata": {
    "object_type": "company",
    "company_id": "2250765",
    "domain": "xenonpath_networks.onyx.app",
    "associated_contact_ids": []
  },
  "doc_metadata": {
    "hierarchy": {
      "source_path": [
        "Companies"
      ]
    }
  },
  "sections": [
    {
      "text": "Company: Xenonpath Networks\nDomain: xenonpath_networks.onyx.app",
      "link": "https://www.onyx.app/45527"
    },
    {
      "text": "Contact: Eva Daniels\nEmail: eva_daniels@xenonpath_networks.onyx.app",
      "link": "https://www.onyx.app/29601"
    }
  ],
  "primary_owners": [],
  "secondary_owners": []
}