{
  "id": "hubspot_company_4093401",
  "semantic_identifier": "Xylembright Water Tech",
  "title": null,
  "source": "hubspot",
  "doc_updated_at": "2025-07-31 00:00:00",
  "metadata": {
    "object_type": "company",
    "company_id": "4093401",
    "domain": "xylembright_water_tech.onyx.app",
    "associated_contact_ids": []
  },
  "doc_metadata": {
    "hierarchy": {
      "source_path": [
        "Companies"
      ]
    }
  },
  "sections": [
    {
      "text": "Company: Xylembright Water Tech\nDomain: xylembright_water_tech.onyx.app",
      "link": "https://www.onyx.app/72404"
    },
    {
      "text": "Contact: Drew Cox\nEmail: drew_cox@xylembright_water_tech.onyx.app",
      "link": "https://www.onyx.app/73162"
    }
  ],
  "primary_owners": [],
  "secondary_owners": []
}