{
  "id": "hubspot_company_2360346",
  "semantic_identifier": "Yonderslate Legal",
  "title": null,
  "source": "hubspot",
  "doc_updated_at": "2025-11-17 00:00:00",
  "metadata": {
    "object_type": "company",
    "company_id": "2360346",
    "domain": "yonderslate_legal.onyx.app",
    "associated_contact_ids": []
  },
  "doc_metadata": {
    "hierarchy": {
      "source_path": [
        "Companies"
      ]
    }
  },
  "sections": [
    {
      "text": "Company: Yonderslate Legal\nDomain: yonderslate_legal.onyx.app",
      "link": "https://www.onyx.app/17310"
    },
    {
      "text": "Contact: Violet Herrera\nEmail: violet_herrera@yonderslate_legal.onyx.app",
      "link": "https://www.onyx.app/73888"
    }
  ],
  "primary_owners": [],
  "secondary_owners": []
}