{
  "id": "hubspot_company_7197025",
  "semantic_identifier": "Zenith Lark Ventures",
  "title": null,
  "source": "hubspot",
  "doc_updated_at": "2025-11-06 00:00:00",
  "metadata": {
    "object_type": "company",
    "company_id": "7197025",
    "domain": "zenith_lark_ventures.onyx.app",
    "associated_contact_ids": []
  },
  "doc_metadata": {
    "hierarchy": {
      "source_path": [
        "Companies"
      ]
    }
  },
  "sections": [
    {
      "text": "Company: Zenith Lark Ventures\nDomain: zenith_lark_ventures.onyx.app",
      "link": "https://www.onyx.app/74889"
    },
    {
      "text": "Contact: Kinsley Daniels\nEmail: kinsley_daniels@zenith_lark_ventures.onyx.app",
      "link": "https://www.onyx.app/33860"
    }
  ],
  "primary_owners": [],
  "secondary_owners": []
}