{
  "id": "FIREFLIES_4387916",
  "semantic_identifier": "4387916 - Deltavantage Group - buy - Discussion with Mia Newman",
  "title": null,
  "source": "fireflies",
  "doc_updated_at": "2025-12-19 00:00:00",
  "metadata": {
    "meeting_date": "2025-12-19 00:00:00",
    "duration_min": "27"
  },
  "doc_metadata": {
    "hierarchy": {
      "source_path": [
        "2025-12"
      ],
      "year_month": "2025-12",
      "meeting_title": "4387916 - Deltavantage Group - buy - Discussion with Mia Newman",
      "organizer_email": "camila_vega@netherite-extraction.onyx.app"
    }
  },
  "sections": [
    {
      "text": "Camila Vega: Hi Mia\u2014thanks for making time again. Since this is call three, I wanted to use today to confirm the decision path and, ideally, wrap up next steps to get Sales_Accelerator live for your SDR team. Does that still work?",
      "link": "https://www.onyx.app/4182739-1"
    },
    {
      "text": "Mia Newman: Hey Camila. Yes, but I\u2019ll be upfront\u2014I\u2019m not sure we\u2019re ready to decide today. There are a couple concerns we keep circling back to.",
      "link": "https://www.onyx.app/4182739-2"
    },
    {
      "text": "Camila Vega: Totally fair. If we can resolve the concerns, is there anything else that would block moving forward\u2014security, budget, timing?",
      "link": "https://www.onyx.app/4182739-3"
    },
    {
      "text": "Mia Newman: Budget and timing are manageable. The main issue is adoption. My SDR managers are skeptical of \u201cAI telling them what to do,\u201d and I\u2019m worried we\u2019ll buy something and reps won\u2019t trust it.",
      "link": "https://www.onyx.app/4182739-4"
    },
    {
      "text": "Camila Vega: That\u2019s helpful. Let\u2019s focus on trust and adoption. The two pieces I think matter most for your use case are: (1) the sales initiation recommendations\u2014next-best accounts plus next-best message\u2014and (2) the explainable rationale behind every recommendation, so managers can coach to it instead of arguing with a black box. Can I walk through how that would look for Deltavantage\u2019s SDR workflow?",
      "link": "https://www.onyx.app/4182739-5"
    },
    {
      "text": "Mia Newman: Sure, but I\u2019ll want specifics. \u201cExplainable\u201d can mean a lot of things.",
      "link": "https://www.onyx.app/4182739-6"
    },
    {
      "text": "Camila Vega: Absolutely. In Sales_Accelerator, your SDR lead opens a prioritized list\u2014say the \u201cnext 50 accounts.\u201d That list is built using your CRM data, engagement/intent signals, and\u2014importantly\u2014Customer_Analyzer outputs like fit score and segment positioning blocks. For each account, we show \u201cwhy this account now\u201d in plain language: the fit tier, the fit drivers pulled from Customer_Analyzer, and any detected trigger events like recent engagement or a change in the account\u2019s activity.",
      "link": "https://www.onyx.app/4182739-7"
    },
    {
      "text": "Mia Newman: When you say \u201cshow,\u201d is it like a generic confidence score? Or can someone actually see something concrete and repeatable?",
      "link": "https://www.onyx.app/4182739-8"
    },
    {
      "text": "Camila Vega: Concrete and repeatable. Example: \u201cFit Tier A because: matches your target segment X, has required attributes Y and Z, and aligns to positioning block \u2018Reduce operational risk\u2019.\u201d Then on the messaging side, it recommends an opener and proof points tied directly to that segment block\u2014so the SDR sees: \u201cLead with this angle because this account fits Segment X and recently engaged with [signal].\u201d Managers can click into the rationale, not just a number.",
      "link": "https://www.onyx.app/4182739-9"
    },
    {
      "text": "Mia Newman: That\u2019s the theory, but my team\u2019s pushback is usually: \u201cWe already know who to go after,\u201d or \u201cOur best reps don\u2019t need templates.\u201d They\u2019ll ignore it.",
      "link": "https://www.onyx.app/4182739-10"
    },
    {
      "text": "Camila Vega: That\u2019s a common pattern. Two things typically change the outcome. First, we\u2019re not replacing your team\u2019s judgment\u2014we\u2019re tightening consistency. Your best reps can still freestyle, but the floor rises because everyone starts aligned to your ICP and positioning rather than random outreach. Second, the initiation playbooks are customizable. So you can make the \u201crecommended first-touch email\u201d and \u201ccall talk track\u201d match how Deltavantage already sells\u2014tone, proof points, objection handlers\u2014and then the system selects the right version based on segment and triggers.",
      "link": "https://www.onyx.app/4182739-11"
    },
    {
      "text": "Mia Newman: Customizable is good, but it also sounds like work. We\u2019re lean. I don\u2019t have someone who can spend weeks tuning playbooks.",
      "link": "https://www.onyx.app/4182739-12"
    },
    {
      "text": "Camila Vega: Understood. The reason Sales_Accelerator integrates with Customer_Analyzer instead of duplicating it is to reduce that setup load. You already have fit tiers and positioning blocks\u2014so we can start with a minimal set: two segments, two playbooks each, and iterate. For a pilot, we\u2019d keep it lightweight: import your existing outreach snippets, map them to the segment blocks, and let the system recommend which to use where.",
      "link": "https://www.onyx.app/4182739-13"
    },
    {
      "text": "Mia Newman: I\u2019m also concerned about the \u201cwhy.\u201d Even if you show drivers, managers will ask: \u201cWho decided these drivers?\u201d If it\u2019s not something we can defend, it becomes political internally.",
      "link": "https://www.onyx.app/4182739-14"
    },
    {
      "text": "Camila Vega: That makes sense. In our approach, the \u201cdrivers\u201d aren\u2019t invented out of thin air\u2014they come from Customer_Analyzer\u2019s fit scoring and the positioning blocks your team has already approved. Sales_Accelerator is consuming what you\u2019ve already signed off on and operationalizing it. So when a manager asks \u201cwho decided,\u201d the answer is: your ICP and messaging framework did\u2014Sales_Accelerator just applies it systematically and flags the trigger events from CRM/engagement data.",
      "link": "https://www.onyx.app/4182739-15"
    },
    {
      "text": "Mia Newman: But in practice, we\u2019ve had tools claim they \u201cuse our ICP\u201d and then the recommendations still feel off. Like it picks accounts that look nothing like our best customers.",
      "link": "https://www.onyx.app/4182739-16"
    },
    {
      "text": "Camila Vega: If the recommendations feel off, that\u2019s a showstopper. That\u2019s why we emphasize the transparent trail: fit tier + explicit drivers + the segment mapping. In a pilot, we typically run side-by-side: your manager\u2019s top 50 and Sales_Accelerator\u2019s top 50, and we compare overlaps and differences with rationale. The goal isn\u2019t 100% overlap; it\u2019s that every \u201cdifferent\u201d pick is defensible. If it\u2019s not, we adjust the inputs and thresholds.",
      "link": "https://www.onyx.app/4182739-17"
    },
    {
      "text": "Mia Newman: Okay, but we\u2019re past pilot discussions. You sent an order form last week. My VP asked me, \u201cAre we sure this won\u2019t be another dashboard no one opens?\u201d",
      "link": "https://www.onyx.app/4182739-18"
    },
    {
      "text": "Camila Vega: Right\u2014and that\u2019s the core buying question. Sales_Accelerator is meant to live in the rep\u2019s daily motion, not a separate reporting layer. The output isn\u2019t \u201cinsights\u201d; it\u2019s an action queue: who to contact next, what message to lead with, and a ready-to-send first-touch email or LinkedIn opener plus a call talk track. So adoption is tied to whether it saves time and boosts replies. If reps don\u2019t see that, we shouldn\u2019t move forward.",
      "link": "https://www.onyx.app/4182739-19"
    },
    {
      "text": "Mia Newman: That\u2019s exactly it. I don\u2019t have confidence they\u2019ll see that. My best manager already has a prioritization spreadsheet. They\u2019ll say your queue is redundant.",
      "link": "https://www.onyx.app/4182739-20"
    },
    {
      "text": "Camila Vega: Let\u2019s pressure-test it. Your spreadsheet prioritizes based on what inputs?",
      "link": "https://www.onyx.app/4182739-21"
    },
    {
      "text": "Mia Newman: Mostly firmographics, some intent, and rep notes. It\u2019s manual, though. They update weekly.",
      "link": "https://www.onyx.app/4182739-22"
    },
    {
      "text": "Camila Vega: Got it. The delta is automation and message alignment. Your manager might still keep their list, but Sales_Accelerator can refresh daily using CRM + signals + Customer_Analyzer fit tiers, and then generate the segment-aligned opener with proof points. Even if you keep the same accounts, the messaging piece alone can lift reply rates and reduce \u201crandom\u201d copy. Would your VP care if we could demonstrate higher meeting creation within, say, 30 days?",
      "link": "https://www.onyx.app/4182739-23"
    },
    {
      "text": "Mia Newman: Yes, but the problem is the burden of proof. To get the green light, I need a referenceable story or something stronger than \u201ctrust us, it works.\u201d",
      "link": "https://www.onyx.app/4182739-24"
    },
    {
      "text": "Camila Vega: Understood. We can offer two things: a structured success plan with measurable targets\u2014reply rate, meeting creation, time-to-first-touch\u2014and a short, no-drama rollout. But if your internal stakeholders are already leaning \u201cno,\u201d I don\u2019t want to force this.",
      "link": "https://www.onyx.app/4182739-25"
    },
    {
      "text": "Mia Newman: It\u2019s not a \u201cno,\u201d it\u2019s a \u201cnot now.\u201d The skepticism is real, and we\u2019re also rolling out a new comp plan next month. Change fatigue is high. If we introduce an automated recommendation engine now, managers will see it as another thing to police.",
      "link": "https://www.onyx.app/4182739-26"
    },
    {
      "text": "Camila Vega: That timing context matters. If the organization is in comp-plan rollout, adoption risk goes up. Let me ask: what decision did you want to make today? Sign, delay, or close it out?",
      "link": "https://www.onyx.app/4182739-27"
    },
    {
      "text": "Mia Newman: Delay. I don\u2019t want to close it out completely, but I can\u2019t take a signature to procurement right now.",
      "link": "https://www.onyx.app/4182739-28"
    },
    {
      "text": "Camila Vega: Okay. If we delay, I want to make it intentional, not \u201cwe\u2019ll revisit someday.\u201d What would need to be true in, say, 6\u20138 weeks for you to feel confident signing?",
      "link": "https://www.onyx.app/4182739-29"
    },
    {
      "text": "Mia Newman: Two things. One, I need to see that the \u201cwhy\u201d is actually something my managers accept\u2014not just a screen with reasons, but reasons they agree are valid. Two, I need proof that reps will use it. Even a small internal test would help.",
      "link": "https://www.onyx.app/4182739-30"
    },
    {
      "text": "Camila Vega: That\u2019s clear. Here\u2019s a proposal: instead of moving to procurement, we do a short validation sprint\u2014two weeks\u2014focused only on sales initiation recommendations for one SDR pod. We\u2019ll set up a side-by-side: their current prioritized list versus Sales_Accelerator\u2019s recommended next 50, with the rationale visible. Your managers score \u201cagree/disagree\u201d on the why. And reps test the segment-aligned openers on a small batch to see if it saves time and gets replies. Would that be feasible during the comp rollout, or still too much?",
      "link": "https://www.onyx.app/4182739-31"
    },
    {
      "text": "Mia Newman: Even two weeks is tough right now. And honestly, my VP is asking why we can\u2019t just tighten our existing process instead of adding a new layer.",
      "link": "https://www.onyx.app/4182739-32"
    },
    {
      "text": "Camila Vega: That\u2019s a fair question. If tightening the existing process is the priority, the case for a new execution layer is weaker. Sales_Accelerator makes most sense when you want a consistent system that scales across reps and managers without manual upkeep. If you\u2019re not ready for that operational shift, it may be premature.",
      "link": "https://www.onyx.app/4182739-33"
    },
    {
      "text": "Mia Newman: That\u2019s where we are. I like the concept, but I can\u2019t justify it internally right now. The trust piece is the biggest gap, and we don\u2019t have bandwidth to run a proper evaluation.",
      "link": "https://www.onyx.app/4182739-34"
    },
    {
      "text": "Camila Vega: I appreciate the candor. Let\u2019s do this: we\u2019ll pause the commercial process. I\u2019ll send a short recap for your VP: what Sales_Accelerator would do for Deltavantage\u2019s SDR prioritization and segment-aligned messaging, plus the exact adoption risks you\u2019re flagging and a low-lift validation option when timing is better. Then we can set a check-in for after the comp rollout\u2014maybe mid-next quarter?",
      "link": "https://www.onyx.app/4182739-35"
    },
    {
      "text": "Mia Newman: Yes, that would be helpful. Let\u2019s plan for mid-next quarter. I don\u2019t want you chasing me weekly when I\u2019ve already said we can\u2019t move.",
      "link": "https://www.onyx.app/4182739-36"
    },
    {
      "text": "Camila Vega: Completely understood. I\u2019ll stop the order form, send the recap today, and propose two dates about eight weeks out. If anything changes\u2014like your VP asks for a quick proof point\u2014you can pull me in sooner.",
      "link": "https://www.onyx.app/4182739-37"
    },
    {
      "text": "Mia Newman: Sounds good. Thanks, Camila.",
      "link": "https://www.onyx.app/4182739-38"
    },
    {
      "text": "Camila Vega: Thank you, Mia. I\u2019ll follow up with that note shortly and we\u2019ll regroup when the timing is right.",
      "link": "https://www.onyx.app/4182739-39"
    }
  ],
  "primary_owners": [
    {
      "display_name": null,
      "first_name": null,
      "middle_initial": null,
      "last_name": null,
      "email": "camila_vega@netherite-extraction.onyx.app"
    }
  ],
  "secondary_owners": [
    {
      "display_name": null,
      "first_name": null,
      "middle_initial": null,
      "last_name": null,
      "email": "mia_newman@deltavantage_group.onyx.app"
    }
  ]
}